species,11 marginals,1st vertebral,400 mm,5th vertebral,76 cm,8 kg,abdominals,abruptly descending sides,adult color pattern,adult coloration,adults,anal midline suture length,anal notch,anal scute projections,antcrior marginals,anterior and posterior marginals serrated,anterior marginals,anterior neurals,anterior notch,anterior orbito-nasal foramina,areolae,average mass,axillaries,axillary,axillary and inguinal buttresses,axillary and inguinal scutes,axillary scale,axillary scales,axillary scute,axillary scutes,beak,beak edge,beak shape,bifurcated gulars,black markings,black-brown,body skin color,bridge,bridge characteristics,bridge color,bridge ridge,bridge width,broad bridge,brown,buttock tubercles,carapace,carapace color,carapace features,carapace length,carapace margins,carapace of male,carapace pattern,carapace scutes,carapace shape,carapace size,carapacial color,centrochelys sulcata,cervical indentation,cervical notch,cervical region,cervical scute,chin color,claw distance,clutch size,color,color variation,coloration,colour,concave plastron,contrast,cream or yellow,dark radiations,difference between percentages of heights at third vertebral and at nuchal notch,disrupted keel,distribution,domed carapace,dorsal shields,dorsal surface,elbow mobility,eleven marginals,elongated carapace,elongated cervical,enlarged sub-conical tubercle,expanded 5th vertebral,female size,flared posterior marginals,flared posterior rim,flattened dorsally,fore limb claws,fore limb scales,fore lobe,fore lobe shape,fore-limb scutes,forearm claws,forearm scales,foreclaw number,forefeet,forefoot claws,forefoot scales,forehead shields,forelimb scales,forelimbs,forelobe shape,four claws,fourth cervical vertebra,fourth to fifth vertebral suture,front and rear marginals,front foot size,frontal and prefrontal scales,general size,glans penes,growth annuli,gular,gular area,gular notch,gular projections,gular scutes,gular scutes length,gular shape,gular size,gular size (female),gulars,gulars projection,habitat,hatchling coloration,hatchling mass,hatchling weight,head,head color,head coloration,head physiognomy,head scales,head size,height at nuchal notch,highest point,hind limb claws,hind lobe,hind lobe of plastron,hind lobe shape,hinge,inguinal,inguinal scute,inguinal scutes,inguinals,interhumeral and interpectoral seams ratio,jaw serrations,jaw surface,jaws and throat,juvenile color pattern,juvenile coloration,juvenile pattern,juvenile shape,juveniles and females,laminae,large black blotches,large prefrontal scale,large single frontal scale,length,length over curve in male,length/height ratio,limb scales,longest median suture,male plastron shape,male tail length,male tail shape,males,marginal areolae,marginal color,marginal count,marginal plates,marginal scutes,marginal stripes,marginals,mass,mature males,max. tl,maxillae,maximum length,maximum tl,medial keel,midline pectoral scute,moderate,narrow cervical scute,neurals,no cervical scute,nonprotruding snout,nostril location,nuchal,nuchal scute,nuchal shield,number of marginals,number of species,one or two inguinals,orange-yellow,oval carapace,overall coloration,p. t. tentorius,p. t. verroxii,paired gulars,pectoral midseam length,pectoral plates,pectoral scute,penis length,penis shape,plastral concavity,plastral forelobe,plastral formula,plastral hind lobe,plastral hinge,plastral lobes,plastron,plastron and bridge color,plastron color,plastron development,plastron lacking,plastron length,plastron pattern,plastron shape,plastron shield,plastron size,pleural areolae,pleural color,pleurals,posterior declivity,posterior marginals,posterior marginals upturned,posterior notch,posterior notch on hind lobe,posterior portion,posterior portion of the carapace,posterior rim,posterior slope,postorbital bar,prefrontal scale size,prefrontal scales,prefrontals,premaxillae,projecting gulars,radial pattern development,raised areolae,scute borders,scute color,scute shape,scutes,seam borders,serrated posterior rim,sex ratio,sexual dimorphism,shell color,shell depression,shell length,shell opening size,shell shape,shell width,shorter and narrower hind lobe,sides,single axillary,single undivided supracaudal scute,size,skull shape,smoothshelled,snout,snout shape,space between plastron and carapace,straight length,submarginal scales,submarginal scutes,subspecies,supracaudal,supracaudal scute,supracaudal shape,supracaudals,suprapygal bones,suprapygals,suture color,tail,tail spine,tail spur,tapered forelobe,temporal arch,terminal spine,the elongated carapace,thigh tubercle,tl,top scutes,triturating surfaces,undivided supracaudal,unequal tubercular scales,upper jaw,upper jaw shape,upturned forelobe,vertebral 1,vertebral and pleural areolae,vertebral and pleural areole,vertebral and pleural patterns,vertebral length,vertebral scutes,vertebral shields,vertebral width,vertebrals,vertebrals 2-5,vertebrals and laterals,vertical distance from lower surface of plastron to lower edge of lateral marginals,weak cervical notch,weakly hooked upper jaw,weight,well-defined growth annuli,well-developed plastron,wider than long vertebrals,yellow bar on each marginal,yellow plastron,yellow vertebral and pleural areolae,young tortoise coloration
Stigmochelys pardalis,,,,,,,,,"varying patterns, often breaking into spots or striations",,,,,,,,,,,,,10-15 kg,,,,,,,,,,,,,,,,,,,,,,,,,,,302 mm (fitzsimons 1935a:304),,,,,highly domed,,,,,,,,,,,tawny yellow to brown with dark areolae,,,,,,,,,,,,,,,,,,,,,,,,,,,,,,,,,,,,,,,,,,,,,,,,,,,,,,,,,,,,,about 30-35 g,,,,,,,,,,,,,,,,,,,,,,,dark margins on scutes of carapace enclosing dark spots,,,,,"raised, flared",,,,600 mm (archer 1968),,,,,,,,,,,,,,,flared,up to 40 kg (archer 1968),,,,,,,,,,,,,,,,absent,,,,,,,,,,,,,,,,,,,,,,,,,,,,,,,,,,,,,,,,,,,,,,,,,,,,,,,,,,,,,,,,,,,,,,,,,,,,,,,,,,,,,,,,,,,,,,,,,,,,,,,,,,,,,,,,,,,,,,,,,,,
Geochelone elegans,,,,,,,,,,,,,,,,,may be flared or downturned,alternately octagonal or quadrilateral in shape,,,,,,,,,,,,,,,,,,,,,,,,,,,,,,,no adults are less than 25 cm in carapace length,,,,,"oval to elongated, and from domed to somewhat dorsally flattened (especially in males of some species) to saddlebacked",,,,some form of cervical indentation or notch is usually present,,,a cervical scute is present in most species,,,,,,,,,,,,,,pantropical,,,,,,,,,,,,,,,,,,,,,,,,,,,,,,,,,,,,,,,,,,,,,,,,,,,,,,,,,,,,,,,,,,,,,,,,,,,,,,,,,,,,,,,,,,,,,,,,,,11 marginals lie on each side of the carapace,,,,,,,,,,,,,,,,,,,21,,,,,,,,,,,,,,,,,,,lacks a hinge and varies from narrow to broad,,,,,,,,,,,,,,may be serrated,,"may be deep, shallow, or nonexistent",,,,,,,,,,,,,,,,,,,,,,,,,,,,,,,,"to 130 cm, and over 185 kg",,,,,,,,no submarginal scutes,,usually single and undivided,,,,two suprapygal bones are present: the larger anterior suprapygal bifurcates posteriorly and partially surrounds the smaller posterior,,,,,,,,,,,,,,,,,,,,,,,,,,,,,,,,,,,,,,,,
Indotestudo elongata,,,,,,,,,,,,,deep,,,,,alternately octagonal or four-sided,,small and concealed in ventral view,,,,,short but strong,,,,,,,,,,,,,wide,,,,,,,,,,,,,,,,"elongated, flattened dorsally",to 27.5 cm,,,,shallow,,narrow,,,,,,,,,,,,,,,,,,,,,,,,,,,,,,,,,,,,,,,,,,,,,,,,,,,,,,,,,,,,,somewhat thickened,,,,,,,,,,,,,,,,,,,,,,,,somewhat serrated,,,,,,,,,,,,,,,,,,,,,,,,,,,11 on each side,,,,do not contribute to the roof of the palate,,,,,,,,,,,,,,,,,,,,,,,,,,,,,,,,,,,,,,,,,"well-developed, hingeless",,moderate,,,,,somewhat serrated,,,,,,,,,,,,,,,,,,,,,,,,,,,,,,,,,,,short to moderate,,,,,,,absent,,single and undivided,,,,2,,,,,,,relatively weak,,,,,,weak to moderate medial ridge,,,"hooked, tricuspid",,,,,,,,,,,,,,,,,,,,,,,,
Psammobates geometricus,,,,,,,,,,,,,,,,,,,,,,,,,,,single,,,,,,hooked,,,,,,,,,,,,absent,,beautifully marked with geometric patterns,,,,,,,"high, domed",,,,,,,,,,,,,,,,,,,,,,,,,,,,,,,,,,,,,,,,"five, covered with scattered, large scales",,,,,,,,,,,,,,,,,,,,,,,,,,,,"paired, longer than they are broad",,,,,,,,,,,,,,,,,,lacking,,,,,,,,,,"single yellow 'x' on each carapace scute, black plastron",,,,,,,,,,,,,,,,,,,,,,,"11-12, sli<rhtly upturned at the back",,,,,,"143 mm female, 123 mm male",,,,,,,,,present,,,,,,,,,,,,,,,,,,,,,,,,,"yellow, with radiating faint black rays and bands",,,,,,,,,,,,,,,,,,,,,,,,,,with age,,,"yellow centres, separated by black",,slightly raised,,,females are more common than males,females are slightly larger,,,,,,,,,,,,,,,,,,,,,,,,,,,,,,,,,lacking,,,80-120 mm,,,,,,,,,,,,,,,,,,,,,,,,,,,,,
Kinixys nogueyi,,,,,,,,,,,,,,,,,,,,,,,,,,,,,,,,,,,,,,,,,,,,,,,uniformly brown or with yellow areolae bordered with dark pigment,,,,,,,domed,,,,,,,,,,,,,,,,,,,,,,,,,,,,,,,,,,,,,,,,,,,,,,,,,,4,,,,,,,,,,,,,,,,,,,,,,,,,,,,,,,,,,,,,,,,,,,,,,,,,,,,,,,,< 2.3,,,,,,,,,,,,,,,,,,,,,,,,,,,,,,,,,,,,,,,,22-36% of the abdominal midseam,,,,,,,,,,,,,,,,,,,,,,,,,,,,,,,,,,,,,,,,,,,,,,,,,,,,,,,,,,,,,,,,,,,,,,,,,,,,,,,,,,,,,,,,,,,,,,,,,,,,,,,,,,,,,,,,,
Psammobates oculifer,,,,,,,,,,,,,,,,,,,,,,,,,,,,,,,,,hooked and tricuspid,,,,,,,,,,,,,,,,,,,attractive,,,,,,,,,,,,,,,,,,,,,,,,,,,,,,,"present, often surrounded by smaller subsidiary tubercles",,,,,,,,,,,,,,,,,,,,,,,,,,fragmented,,,,,,,,,,,,,,,,,,,,,,,,,,,,,,,,,,,,,,serrated,,,,,,,,,,,,,,,,,,,,,,,,,,"flared, often quite markedly",,,,,,,,,,,,,,,,,present,,,,,,,,,,,,,,,,,,,,,,,yellowish with light to dark brown markings,,,,,,,,,,,,,,,,,,,,,,,,,,,,,,,,,,,,olive or grey tinge,,120-150 mm in adults,,,,,,,,,,,,,,,,,,,,,,,,,,,,,,,,,,,,,"present, including a single conspicuously enlarged scute",,,,,,,,,,,,,,marked with light stars formed by stripes on the laminae radiating out from the areolae towards the margin,,,,,,,,,,,
Kinixys belliana,,,,,,,,,,straw yellow to light brown with varying darker marks,,,,,,,,,,,,,,,,,,,,,,,,,,,,,,,,,,,,neither spinose nor serrated,,,,,,radiate,,,,,,,,,,,,,,,,variable,,,,,,,,,,,,,,,,,,,,,,,,,5-9,,,,,,,,,,,,,,,,,,,,,,,,,,,,,,,,,,,,,,,,,,,,,,,,,,,,,,,,,,attractive radiating patterns,,,,,,,,,,,,,,,,,,,,,,,,,,,,,,,,,,,,,,,,,,,,,,,,,,,,,,,,,,,,,,,,,,,,,,,,,,,,,,,,,from the middle of the 5th vertebral,very thin or entirely absent,,,,,,,,,,,,,,,,,,,,hump-backed,,,,,,up to 200 mm,,,,,,,,,,,,,,,,,,,,,,,,,,,,,,,,,,,,,,,,,,,,,,,,,,,,,,
Astrochelys radiata,,,,,,,,,,,,,,,,,,,,,,,,,,,,,,,,,,,,,,,,,,,,,,,,,,vertical,,,,evenly rounded,,,,,,,,,,,,"old animals may lose their markings and become almost unicolored, with tones ranging from brown to beige",,,,,,,,,,,,,very mobile,,,,,,,,,,,,,,,,,,,,,,,"large, covered with fine skin and small rounded scales, with a rounded tip",,,,,,,,,,,,,,,,,,,,,,,,,,,,bicolored-brown-black on top and yellow below a line that originates at the back of the eye,,,,,,,,,,,,,,,,,,,,,,,,,,,,,,,,,,,,,,,,,,,,,,,,,,,,,,,,,,,present,,,,,,,"blackish, with numerous brilliant yellow rays that emerge, fanlike, from the areola on one-third or one-half of the surface of the scute",,,,,,,half the length of the carapace,arrowhead-shaped extremity,,,,,,,,,,,,,,,,,,,,,,,,,,,,,,,,,,,,,,,,,,,,males are a little smaller than females (15 kg maximum) and often have a very concave plastron and thickened xiphiplastral area,,,,,,,,,,,,,,,,,,,,,,,,,,,,,,,,,,,,,,,,,,,,,,,,,,,,,,,,,,22 kg,,,,,,,"no two having identical designs, ranging from yellow or cream marked with black to black marked with yellow, with a great variety of markings, dark or light rays, and an overall color ranging from whitish to orange"
Chersina angulata,,,,,,,light orange to bright red (particularly in w. cape 'rooipens' form),,,,,,,,,,,,,,,,,,,,,,,,"weakly hooked, bi- or tricuspid, and is rarely serrated",,,,,,,,,,,,,,absent,never hinged; it is elongate and flared at the front and behind in mature males,light straw-yellow,,,,,,,,,,,,,,,,,,,,,,,,,,,,,,,,,,,,,,,,,,,,,,,,,,five claws on each,,,,,,,,,,,,,,,,single and protrudes beneath the head in mature males,,,,,,,,,,,,,,,,,,,,,,,,,,,,,,,,,,,,,,,,,,,,,,,,,,,,,"'peanut' shape, an elongate gular and deep concavity in the plastron",,black triangle on the posterior edges,,,,,10-12 (usually 11),,,,,,,,,,,,,,,present,,,,,,,,,,,,,,,,,,,,,,,"dark, irregular centre, often with white sutures in old animals",,,,,,,,,,,,,,,,,,,,,,,,,,,,,,,,,slightly raised,,,,,,,,,,,,,,,medium-sized,,uniform dirty straw color,,,,,,,,,,,,,,,does not have a terminal spine,,,,,,,,"150-250 mm; max. tl 300 mill, male",dark brown areolae and black edges,,,,,,,,,,,,,,,,,,,,,,,,,,,,
Kinixys spekii,,,,,,,,,,,,,,,,,,,,,,,,,,,,,,,,,,,,,,,,,,,,,,,,,,,,,,,,,,,,,,,,,,,,,,,,,,,,,,,,,,,,,,,,,,,,,,,,,,,,,,,,,,,,,,,,,,,,,,,,,,,,,,,,,,,,,,,,,,,,,,,,,,,,,,,,,,,,,,,,,,,,,,,,,,,,,,,,183 mm,,,,,,,,,,,,,,,,,,,,,,,,,,,,,,,,,,,,,,,,,,,,,,,,,,,,,,,,,,,,,,,,,,,,,,,,,,,,,,,,,,,,,,,,,,,,,,,,,,,,,,,,,,,,140-160 mm,,,,,,,,,,,,,,,,,,,,,,,,,,,,,
Psammobates tentorius,,,,,,,,,,,,,,,,,,,,,,,2-3 (rarely 1),,,,,,,,,,"hooked, bi- or tricuspid",,,,,,,,,,,,"present, may be reduced or absent",,,,,,,geometric,raised,domed or flat,,,,,,,,,,,,,varied,,,,,,,,,,,,,,,,,,,,,,,,,,,,"large, abutting",,,,,,,,,,,,,,,,,,,,,,,,,,,"paired, longer than broad",,,,,,,,,,,,,,,,,,,,,,,,,,,,,,,,,,,,,,,,,,,,,,,,,,,11 (sometimes 10 or 12),,,,,,,,,,,,,,,present,,,,,,,,,"large race, carapace scutes strongly raised, yellow to orange radiating stripes on a black background, plastron with solid mahogany markings","carapace with smooth or faintly raised scutes, drab color, orange stripes on a dark brown background, plastron with diffuse or indistinct dark brown patterning",,,,,,,shallow,,,,,,,,,,,,,,,,,,,,,,,,,,,,,,,,,,,,,,,,,,,"males smaller, rarely exceeding 100 mm",,,,,,,,,,,,,,,,,,,,"p. t. tentorius, p. t. verroxii, p.t. trimeni",,,,,,,,,absent,,,,,,,"80-120 mm; max. tl 150 mm, female",,,,,,,,,,,,,,,,,,,,,,,,,,,,,
Homopus femoralis,,,,,,,,,,,,,,,,,,,,,,,,,,,,,,,,serrated,tricuspid,,,,"yellow-brown, sometimes orange-pink",,,,,,,,present,,olive or reddish-brown,,,,,,,,,,,,,,,,,,,,,,,,,,,,,,,,,,,,,,larger than males,,,,,,,,,,"large, overlapping",four,,,,,,,,,,,,,,,,,,,,,,,,,,paired,,,,,,,,,,,,,,,,,,lacking,,,,,,,,,,,,,,,,,,,,,,,not concave,longer,,,,,,,,,11,,,,,,168 mm,,,,,,,,below the level of the eye,present,,,,,,,,,,,,,,,,,,,,,,,,,"uniform dirty yellow-green in adults, often with darker areas restricted to the anterior edge of the scutes in juveniles",,,,,,,,,,,,,,,,,,,,,,,,,,,,,,,,,,,,,,,,,,,,,,,,,,,,,,,,,,,,,,,,lacking,,,,,,,100-130 mm,,,,,,,,,,,,,,,,,,,,,,200-300 g,,,,,,,
Kinixys natalensis,,,,,,,,,,,plastron pattern may fade,,,,,,,,,,,,2-3,,,,,,,,,,tricuspid,,,color,,,,,,,,,absent,,,,,,,"concentric patterning, with the areolae light to dark brown with concentric rings of orange-yellow and black-brown",,slightly convex,,,,,,,,,,,,,,,lacking in males,,,,,,,,,,,,,,,,,,,,,,,,,,,,,5,"large, overlapping, sometimes pointed",,,,,,,,,,,,,,,,,,,,,,,"combined, more than twice as wide as they are long",,,,,,,,,,,,,,,,,,poorly-developed,,,,,,,,,,,,,,,,,,,,,,,,,,smaller than females; lack a concave plastron,,,,,,,12-13 marginals on each side; not serrated or upturned,,,,,,,,,,,,,,,present,,,,,,color,,,,,,,,,,,,,,,,,,,,,,,similar ringed pattern that may fade in adults,,with a similar ringed pattern that may fade in adults,,,,,,,,,,,,,,,,,,,,,,,,,,,,,,,,,,,,,,,,,,,,,,,,,,usually divided,,,,,,,,,,,,large in males,,,80-120 mm; max. tl 155 mm,,,,,,,,,,,,,,,,,,,,,,,,,,,,,
Kinixys lobatsiana,,,,,,,,,,,,,,,,,,,,,,,,,,,,,,,unicuspid,,,,,,,,,,,,,,,,,,,,,,,,,,,,,,,,,,,,,,,,,,,,,,,,,,,,,,,,,,,,,,,,,,,,,,,,,,,,,,,,,,,,,,,,,,,,,,,,,,,,,,,,,,,,,well-developed,,,,,,,,,,,,,"broken radiate pattern on each carapace shield, and each shield has a red-brown centre",,,,,,,,,,,,,uniform brown,,,,,,,,,concave plastron,,,,,,,,,,,,,,,,,,,,,,,,,,,,,,,,,,,,"uniform dirty yellow in adult males, but with sparse, dark, radiating streaks in females and juveniles",,,,,,,,,,,,,,serrated and curve upwards,,,,,,,,,,,,,,,,,,,,,,,,,,,,,,,,,,,,,,,,,,,,"undivided, with a longitudinal groove on the underside",,,,,,,,,,,,,,,"150-180 mill; max. tl 200 mm, female",,,,,,,,,,,,,,,,,,,,,,,,,,,,,
Pyxis planicauda,,,,,,,,,,,,,,,,,,,,,,,,,,,,,,,,,,,,,,,,,,,,,,,,,reaches 160 mm,,,,,"elongate, flatter on top",,,,,,,,,,,,,"cream to beige, with radiating, geometric, dark brown to black designs on each of the scutes",,,less contrast than in p. arachnoides,,,,,,,,,,,,,,,,,,,,,,,,,,,,,,,,,,,,,strongly serrated,,,,,,,extended and bilobed,,,,,,,,,,,,,,,"dark, usually greenish brown",,,,,,,,,becomes more flexible,,,,,,,,,,,,,,,,,,,,,,,,,,,rather flattened in a horizontal plane,,,,,,,,serrated toward the middle of the series and forming a rounded surface where they connect to the bridges,,,,,,,,,,,,,,,,,,,,,,,,,,,,,,,,,,,,no plastral hinge,,,,,,,,,,,,,,,,,,,,,,,,,,,,,,,,,,rather flat,,,,,,,,,,,,,,,,,,,,,extremely narrow,,,,,,,,,,,,,,,,,,,,,,,,,,,,,,,,,,,,,,,,,,,,,,,,,
Indotestudo travancorica,,,,,,,,,,,,,,,,,,,,,,,,,,,,,,,,,,,fairly large but diffuse and poorly contrasting,,,,,,,,,,,,,,,,,,,,,,,,,,,,,,chocolate to red-brown,,,,,,,,,,,,,,,,,,,,,,,,,,,,,,,,,,,,,,,,,,,,,,,,,,,,,,,,,,,,,,,,"creamy white, becoming reddish during the mating season",,,,,,,,,,,,,,,,averages 1.22,,,,,,,,,,,,,,,,,,,,,,,,,,,,,,,,,300 mm,,,,,,,,,,,never,,,,,,,,,,,,,,,,,,,,,,immaculate or diffuse black markings on each scute,,,,,,,,,,,,,,,,,,,,,,,,,,,,,,,,,,,,,,,"at the rear of the shell, of the fourth vertebral scute or between the fourth and the fifth",,,,,,,,,,,,,,,,,,,,,,,,,,,,conical,,,,,,,,,,,,,,,,,,,,,,,,,,,,,,,,,,,
Astrochelys yniphora,,,up to 400 mm,,,up to 8 kg,,,,uniform cream or whitish,,,,,,,,,,,,,,,,,,,,,,,,,,,,,,,,,,,,,,,,,,,,,,,,,,,,,,,,,not radiating but tends toward plain yellow,,,,,,,,,,,,,,,,,,,,,,,,,,,,,,,,,,,,,,,,,,,,,,,,,,,,"very extended, in the form of a plowshare",elongated gular is rather thin and upcurved,much smaller,,,,yellowish with large brown markings on each scute,,about 25 g,,beige-yellow to brown,,"more ""smiling"" physiognomy than its southern cousin, a. radiata",well-demarcated scales,,,,,,,,,,,,,,,,,,"yellow and black, with wide, very dark seams, well marked growth rings, and sometimes quadrangular markings on the scutes",,,,,,,,,,,"wide, well-developed scales",,,,,,,,,,,,,,,,,,,,,,,,,,,,,,,,,,,,,,,,,,,,very little plastral concavity in the males,,,,,,,,yellowish,,,,,,,,,,,,,,,,,,,,,,,,,,,,,,,,,,,,,,,,,,,,,,,,,,,,,,,,,,,,,,brown,,,,,,,,,,,,,,,,,,,,,,,,,,,,,,,,,,,,,,
Chelonoidis niger,,,,,,,,,,,,,,,but little everted,,,,,,,,,,,,,,,,,,,,,,,,,,,,,,,"high, elongate, somewhat dome-shaped but high in front",,,,,slightly saddle-shaped but broad,,,,,,,,,,,,,,,,,,,,,,"6 in male, 24 in female",,,,,,,,,,,,,,,,,,,,,,,,,,,,,,,,biconvex,,,,,moderate,,,,,,,,,,,,paired,,,,,,,,,,,,more than 41% (45%) of straight length,,,,,,,,,,,,,,black in female,,,,,,,,,,,"112%, female 126%",,,,,,,,,,,,,,,,,,,,,,,,,,,,,,,,,,,,,,,,,,"much reduced, not meeting on mid-line",,,,,,,,,,,,,,,,,,,,,,,beginning about middle of third vertebral,,,,,,,,,,,,,,,,,,,,,,,,,,,,,,,,,,,,,,,,,"35.25 inches in male, 22.5 inches in female",,,,,,,,,,,,,,,,,,,,,,,,,,,,,,,,,,,,,,"small, 4% in male, 6% in female",,,,,,,,,,
Chersobius signatus,,,,,,,,,,,,,,,,,,,,,,,,,,,,,,,,,,,,,,,,,,,,,,,"yellow, shaded with brown on the plastron, elegantly freckled and radiated with blackish brown",,,,,,,,,,,,,,,,,"multi-egg in homopus, single-egg in chersobius",,,,,,,,,,,,,,,,,,,,,,,,,,,,,,,,,,,,"numerous, small, irregular",3–4 large rows and 5–6 smaller rows,,,,,"narrow in homopus, broad in chersobius",,,,,"v-shaped in homopus, heart-shaped in chersobius",,,,,,,,,,,,,"rupicolous, arid regions",,,,,,,,,,,,,,,,,,"single, large",,,,,,,,,,,,,,,,,,,,,,,,,,,,,"12 or more in chersobius, 11 or fewer in homopus",,,,,,,,,,longer,,,,,,,,shorter,,,,,,,,,,,,,,,,present in chersobius males,,,,,,,,,,,,,,,,,,,,,,,,,,,,,,,,,,,,,,,,,,,females larger than males,,,10 cm,larger in males than in females,,,,,,,,,,,,,,,,,,,,,,,,,,,,,,,"large, conical",,,,,,,,,,,,,,,,,,,,,,,,,,,,,,
Chersobius solus,,,,,,,,,,,,longer than femoral,,,,,,,,,,,two,,,,,,,,,,,,,,,,,,well-defined,,,,lacking,,,,,,,,,,,,,,,,,,,,,,,,,,,,,,,,,,,,,,,,,,,,,,,,,,,,,,,,,,,,,,,,,,,,,,,,,,,,,,,,,,,,,,,,,,,,,,,,single,,,,,,,,,,,,,,,,,,,,,,,,,,,,11,,,,11-12,,,,,,,,,,,,,,,"small, narrow",,,,,,,,,,,,,,,,,,,,,,,,,,,,,,,,,,,,,,,,,,,,,,,,fragmented,,,,,,,,,,,,,,,,,relatively shallower,,,,,,,,,,,,,,,,,,,,,,,,,,,,,,,,,,,,,,,,,,,,,,,,,,,,,,,,,,,,
Gopherus morafkai,,,,,,,,,,,,,,shorter projections of the anal scutes,,,,,,,,,,,,,,single axillary scale preceding each bridge,,,,,,,,,,,,,,,,,,,,,,,,,,"flatter, pear-shaped carapace",,,,,,,,,distance from the bases of the first to fourth claws is the same on all feet,,,,,,,,,,,,,,,,,,,,,,,,,,,,,,,,,,,,,,,,,,,,,relatively smaller,,,,,,,,do not normally diverge,,shorter gular scutes,,,,,,,,,,,,,,,,,,,,,,,,,,,,,,,,,,,,,,,,,,,,,,,,,,,,,,,,,,,,,,,,,,,,,,,,,,,,,,,,,,,,,,,,,,,,,,,,,,,,,,,,,,,,,,,,,,,,,,,,,,,,,,,,,,,,,,,,relatively narrower shell,,,,,,,,,rounded snout when viewed from above,,,,,,,,,,,,,,,,,,,,,,,,,,,,,,,,,,,,,,,,,,,,,,,,,,
Chersobius boulengeri,,,,,,,,,,,,,,,,,,,,,,,small,,,,,,,,,,"strongly hooked, feebly tridentate",,,,,,,,,,,,,,,,,,,,,,,,,,,,,,,,,,,,,,,,,,,,"not swollen, concentrically striated, separated by rather deep, narrow grooves",,,,,,,,,,,,"five claws to the fore limb, four rarely five","large, elongated, subequal, imbricate",,,,,,,,,,,,,,,,,,,,,,,,,,,,,,,,,,,,,,,,,,,,,,"four, rarely five",,,,,,,,"large, in contact with the femoral, the abdominal, and two marginals",,,,,,,,,,,,,,,,,,"between the abdominals, and is a little over three times that between the pectorals, the suture between the caudals is about the same as that between the pectorals and the gulars, the suture between the femoral is the same or a little shorter than that between the humerals",,,,,,,,"12 or 13, rarely 11",,,,,,,,,,,,,,,,,,"small, short",,,,,,,,,,,,,,,,,,,,,,"short, from half to one-third the width of the bridge, front lobe truncate, hind lobe openly notched in the female, deeper in the male",,,,,,,,,,,,,,,,,,,,,,,,,"a pair of small prefrontal scales on the snout, usually preceded by a small median and two lateral plates of nearly the same size as the prefrontale",,,,,,,,,,,,,,,,,,"very depressed, more than twice as long as deep, flat on the vertebral region, posterior margin reverted, nearly vertical and not or feebly serrated, anterior margin not or feebly serrated",,,,,,,,,,,,,,,,,,,,,,,,,,,,,,,,,,,,,,,,,,,,,"moderately or deeply impressed, broader than long, as broad or a little narrower than the costals",,,,,,,,,,,,,,,
Aldabrachelys gigantea,,narrower than the 2d,,smallest and expanded,,,,,,,,,,,,,,,,,,,,,,,,,single and small,,,,,,,,,,,,,moderate,,,,,brownish gray,,105 cm,,,,,"thick, elongated, domed",,,,slight,,,present,,,,,,,,,,,,,,,,,,,,,,,,,,,,,,,,,,,,,,,,,,tapers anteriorly,,,,,,,,,surround the raised vertebral and pleural areolae,,,,,,,,,,short and thick,,,,,,,,,,,,,,,,,"longer, but much narrower",,,larger,,,,,,,,,,,,,,,,,,,,,,,,,,,,,,,11 on each side,,,,,,,,,,,,,,,,,,,,,,,,,,,,,,,,,,abd > hum > fem > pect >< gul >< an,,,,,brownish gray,,,posterior notch,,,short,,,,,,,"flared, slightly upturned, and unserrated",,,,,,,,,,,,,,,,,,,,,,,,,,,,,,,,,,,,,,,,,,,,"single, undivided, and downturned",,,,,,,,,,,,,,,,,,,,,,,,,,,,,,,broader than long,,,,,,120 kg,,,,,,,
Pyxis arachnoides,,,,,,,,,,,,,,,,,,,,,,,,,"short, do not extend to costals","single small, one or two larger",,,,,,,,,,,,,,,,,,,,,,,,,,,,,,,,,,notch,"may be absent, long and narrow",,,,,,,,,,,,,,,,,,,,,,,,,,,,,,,,,,,,,,,,,,,,,,,,,,,,,,,,,,,,,"paired, not greatly thickened, extend slightly past carapacial rim",,,,,,,,,,,,,,,"broad, very short, posterior notch",,,"movable, between humeral and pectoral scutes",,,,,,,,,,,,,,,,,,,,,,,,,,,,,,,,,eleven on each side,,,,,,,,,,,alternate in shape between octagonal and square,,,,,,,,,,,,,,,,,,,,,,,abd > gul > pect > hum >< an > fem,,,,"well developed, forelobe longer and narrower than hind lobe, tapered toward front",,"yellow, some dark blotching at bridge",,,,,,,,,,,,"unserrated, downturned",,,,,,,,,,,,,,,,,,,,,,,,,,,,,,,"descending, almost parallel",,,,,,,,,,absent,,,undivided,,,,,two,,,,,,,,,,,,,,,,,,,,,"dark-brown or black, starlike, yellow center, several broad rays",,,,,"broader than long, slightly raised centers, prominent growth annuli",,,,,,,,,,,,,
Kinixys homeana,,,,,,,,,,,,,,,,,flared but only slightly reverted,,,,,,,,,,,,,two to four small,,,,,,,,,,,,,,,,,,,,,,,,domed,,"ranges from totally dark brown to tan, or there may be some yellow pigment on the vertebrals and pleurals, or dark borders on these scutes",,,,"shallow depression, at best",,,,,,,,,,,,,,low knoblike projection on each vertebral,,,,"flat, sometimes slightly keeled",,,,usually present (rarely absent),,,,,,,,,,,,,,,,,,,,,,,,,,,,,,,,,,,,,,,,"thickened, paired",only slightly beyond the carapacial rim,,,,,,,,,,,,,,shallowly notched posteriorly,,,,,large,,,,,,,,,,,,,,,,,,,,,,,,,,,,,,,11 or rarely 12 marginals on each side,,,,,,,,,,,,,,,,,,,,,,,,,,,,,,,,,,abd > hum > gul >< pect >< fem > an,,,,,,,,,,,,,,,,,,flared and strongly reverted and serrated,,,,,begins to drop off abruptly at the front of the 5th vertebral,,,,,,,,,,,,,,,,,,,,,,,,,,,,,,,,,,,,,,,,"single, usually undivided, reverted",,,,,,,,,,,,to 21 cm,,,,,,,,,,"broader than long in juveniles, but becomes progressively longer with age until it is longer than broad",,,,,,,,,broader than long,,,,,,,,,,,,
Testudo marginata,,,,,,,,physical,,,,,,,,,,,,,,,,,,,,,,,,,,,,,,,,,,,physical,,,,,,,,,,,,,,,,,,,,,,,,,,,,,,,,,physical,,,,quantitative,physical,,,physical,,physical,physical,,,,,,,,,,,,,,,,,,,,,,,,,physical,,,,,,,,,,,,,,,,,,,,,,,,,,,,,,,,,,,,,,,,,,,,,,,,,,,,,,,,,,,,,,,,,,,,,,,physical,,,,,,,,,,quantitative,,,,,,physical,,,,,,,,quantitative,,,,,,,,,,,,,,,,,,,,,physical,,,,,,,,,,physical,,physical,,,,,,physical,,,,,,,,,quantitative,,quantitative,,,,,,,,,,,,,,,,,,,,,,physical,,,,,,,,physical,,,,physical,,,,,,,,,,,,,physical,,,,physical,physical,physical,physical,physical,
Indotestudo forstenii,,,,expanded,,,,,,,,,,,,,,,,,,,,,,moderate in size,,,,,,,,,,,,,,,,wide,,,,,"unpatterned gray to brown, or yellow brown to brown or olive with dark blotches on each scute",,to 30.9 cm,,,,,"domed, but flattened dorsally, with descending sides",,,,,due to the absence of any cervical scute,,,,,,,,,,,,,,,,,,,,,,,,,,,,,,,,,"tapers anteriorly, shorter and narrower than the hind lobe",,,,,,,,,,,,,,,,,,,,well-defined,,,,,,,,,,somewhat thickened,,,,,,,,,,small,moderate,,,,,,,,,,,,,,,,,,,,,,,,,,,,,,,,,,,,,,,,11 on each side,,,,,,,,,,,,,,,,,,,,,,,,,,,,,,,,,,abd> fem >< hum > gul > pect > an,,,,,yellowish to brown with small black blotches,,well developed,,,,,,,,,,,serrated (more strongly so in juveniles),,,,,,,,,"large, divided longitudinally",,,,,,,,,,,,,,,,,,,,,,,,,,,,,nonprotruding,,,,,,,single,,,,,,,,,,,,,,,,,,,,"weakly hooked, tricuspid",,,,,,,,,,broader than long,,,,,,,,,,,,,
Kinixys erosa,,,,"flared, widest",,,,,,,,,,,,,"flared, reverted",,,,,,,,,,,,,three or four small,,,,,,,,,,,,,,,,,,,to 32.3 cm,,,,,"elongated, domed",,dark brown to dark brown with yellow to orange centers on all scutes,,,,shallow depression,,,,,,,,,,,,,,,,,,"flat, unkeeled",,,,,,,,,,,,,,,,,,,,,,,,,,,,,,,,,,,,,notched in front,,,,,,,"thickened, paired, project anteriorly beyond the carapacial rim",,,,,,,,,,,small to moderate,,,,,,,,,"one large, in contact with the femoral",,,,,,,,,,,,,,,,,,,,,,,,,,,,,,,11 or sometimes 12 on each side,,,,,,,,,,,,,,,,,,,,,,,,,,,,,,,,,,abd > hum >< gul >< pect > fem >< an,"short, may lack a posterior notch or be shallowly notched",,,,,dark brown to black with some yellow along the seams,,,,,,,,,occasionally a band of yellow,,,"slightly flared, strongly serrated, reverted",,,,sloping,,,,,,,,,,,,,,,,,,,,,,,,,,,,,,,,,,nonprojecting,,,,,,not divided,,,,,,,,,,,,,,,,,,,,,,,,,,,,,,,all broader than long,,,,,,,,,,,,,
Malacochersus tornieri,,,,,,,,,,,,,,,,,,,,,,,,,,,,,,small,,,,,,,,,,,,,,,,,yellow to tan,,,,,,,,,,,,,,,,,,,,,,,,,,,,,,,,,,,,,,,,,,,,,,,,,,,,,,,,,,,,,,,,,,,,,,paired,,,,,,,,,,,yellow-brown,,,,,,,,,posteriorly notched,,,,,,two to four,,,,,,,,,,,,,,,,,,,,,,,,,,,,,,,,,,,,,,,,,,,,,,,,,,,,,,,,,,,,,,,,abd > hum > pect >< fem > gul > an,,,,hingeless,,yellow with solid brown blotches or jagged brown radiations,,,,,,,,,,,,,,,,,,,,,,,,ridgeless,,,,darker,,,,,,,,,,,,,,,,,,,,,nonprotruding,,,,,,,,,,,,,,,,,,,,,,,,,,,hooked,,,,,,,,,,,,,,,,,,,,,,,,
Manouria impressa,,,,expanded,,,,,,,,,deep,,,,,,broad,,,,,small to moderate,,,,,,,,,,,,,,wide,,,,,,,,,yellowish brown to brown with dark seams,"flattened dorsally, has an indentation at the broad cervical, and is strongly serrated around its entire rim",to 27 cm,,,,,oval,,,,,,,,,,,,,,,,,,along the outer border of each scute,,,,,,,,,,,,,,,,,,,,,,,,,,,,,,,,,,,,,,,,well-defined,,,,,,,,,,"thickened, extend slightly beyond the carapacial rim",,,,,,,,,,,,,,,,,,,"large, often subdivided",,,,,,,,,,,,,,on the marginals,,,,,,,,,,,,flat,,,,,,,,,,,,,slight indication on the 4th and/or 5th vertebrals,,,,,,,,,,,11 on each side,,,,,,,,,,,,,,,,abd > hum > fem > gul >< an > pect,,,,,,yellowish brown with darkened seams,well developed,,,,,,,,,somewhat concave,,somewhat upturned,,,,,,,,,,,,,,,,,,,,,,,,,,,,,,,,,,,,,,,,,,,,,,,2,,,,,,,,,,,,,,,,,,,,,,,,,,,,wider than long,,,,,,,,,,,,,
Testudo hermanni,,,,expanded,,,,,,,,,,,,,,,,,,,,,,,,,small,,,,,,,,,broad,,,,,,,,,,,to 20 cm,,,,,domed,,,,,slight,,long and narrow,may be lighter in color,,,,,,,,,,,,,,,,,,,,,,,,,,,,,"slightly upturned, tapered toward the front, and shorter and narrower than the hind lobe",,,,,,,,,,,,,,,,,,,,,,,,,,,,,,,"thickened, but extend only slightly past the carapacial rim",,,,,,,,,,"large, may be longitudinally divided or subdivided",moderate,,,,bears a posterior notch,,,,,"small, may be absent",,,,,,,,,,,,,,,,,,,,,,,,,,,,,,,,,,,,,,,,,,,,,,,,,,,,,,,,,,,,,,,,,abd > hum > an >< gul > fem > pect,,,,well developed,,dark brown or black with a yellow border and midseam,,,,,,,,,,,,,,,,,,downturned and slightly serrated,,,,,,,,,,,,,,,,,,variable,,,,,,,,,,,,,,nonprotruding,,,,,,,,,,,,,,,,,,,,,,,,,,,hooked,,,often raised and surrounded by growth annuli,,,,,,,broader than long,,,,,,,,,,,,,
Testudo horsfieldii,,,,expanded,,,,,,,,,,,,,,,,,slightly raised and surrounded by growth annuli,,,,,,,,,,,,,,,,,"broad, has a small axillary and usually only a single small inguinal that does not touch the femoral",,usually yellow,,,,,,,ranges in color from totally light brown to yellowish brown with extensive dark-brown pigment on each scute,,to 22 cm,,,,,almost as broad as long and flattened dorsally,,,,,weak,,usually long and narrow,,,,,,,,,,,,,,,,,,,,,,,,,,,,,,,,,,,,,,,,,,,,,,,,,,,,,,,,,,,,,,,,,,,,,,,,moderate,,near the center,,,,,,,,,,,,,,,,,,,,,,,,,,,,,,,,,,,,,,usually 11 on each side,,,,,,,,,,,,,,,,,,,,,,,,,,thickened and extend slightly beyond the carapacial rim,,,,,,,"not upturned, tapers to the front, and is slightly longer and narrower than the hind lobe",abd> gul >< hum >< an > fem > pect,,,,"well developed, but lacks the movable hinge between the abdominal and femoral scutes",,black with yellow seams,,,,,,,,,,,,,,,,,,"not greatly flared, but may be slightly serrated",,,,,,,,,,,,,,,,,,,,,,,,,,,,,,,,,,,,,,undivided,,,,,,,,,,,,,,,,,,,,,,,,,,,,,,,all broader than long,,,,,,,,,,,,,
Centrochelys sulcata,quantitative,,,shape,size,,,shape,,,,,shape,,,shape,,,,,,,shape,,,,,,,,,,,shape,,,,shape,,,,,,color,,,,,,,,,,,,,species,,shape,,,,,,,,,,,,color,,,,,,,,,,,,,,,,,shape,,,,,,,,,,,,,,,,,,,,,,,,,,,,,,,,,,,,,,,,,,,,shape,,,,,,,,,,,,shape,,,,,,,,,,,,shape,shape,,,,,,,,,,,,,,,,,,,,,,,,,size,,,shape,shape,,,,,,,,,shape,,,,,,,,,,,,shape,,,shape,shape,,,,,,,,,,shape,,,,,shape,,,,,,,,,,,,,,,,,,,,,,,,,,,,,,,,shape,,,,,,,,,,,,,,,,,,,,,,,,,,,,,,,,,,,,,,,,,,shape,,,,,shape,,shape,,,,,,
Geochelone platynota,,,,,,,,,,,,,,,,,,,,,,,,,,,,,smaller than the inguinal,,,,,,,,,,,,,wide,,,,,dark brown or black with six or fewer radiating stripes extending from the yellow areola of each vertebral and pleural,,to 26 cm,,,,,"oval, domed but flattened dorsally with descending sides and a slight cervical indentation",,,,,,,absent,,,,,,,,,,,,,,,,,,,,,,,,,,,,,,,,,,,,,,,,,,,,,,,,,,,well-defined,,,,,,,,,,"somewhat thickened, broader than long, and do not greatly extend anteriorly",,,,,,,,,,,moderate,,,,,,,,,,,,,,,,,,,,,,,,,,,,,,,,,,,,,,,two yellow stripes form a v-shaped pattern on each marginal,11 on each side,,,,,,,,,,,,,,,,,,,,,,,,,,,,,extremely narrow,,,,,abd > hum > fem > gul > an > pect,,,,,yellow,,,,notched both anteriorly and posteriorly,,"longer, narrower than the hind lobe",,,flat,,,,slightly expanded and weakly serrated,,,,,,,,,,,,,,,,,,,,,,,,,,,,,,,,,,,,,,,,,,,,,undivided and downcurved,,,,,,,,,,,,,,,,,,,,,,,,,,about as long as broad or occasionally longer,,,broader than long,,,,,,,,,,,,,,
Testudo kleinmanni,,,,,,,,,,,,,,,,,,,,,,,,,,,,,,,,,,,,,,,"broad, with an axillary and one or two small inguinal scutes, which may touch the femoral scute",,,,,,,,greenish yellow to yellowish brown,,to 13.5 cm,,,,,domed,,,,,present,,"present, usually long and narrow, but may be broad and triangular",,,,,,,,,,,,,,,,,,,,,,,,,,,,,,,"upturned, tapered anteriorly, and shorter and narrower than the hind lobe",,,,,,,,,,,,,,,,,,,,,,,,,,,,,,"paired, thickened, and rarely project beyond the carapacial rim",,,,,,,,,,,moderate,,,,,,posterior notch,,,,,,,,,,,,,dorsally flattened,,,,,,,,,,,,,,,,,,,,,10 to 12 on each side,,,,,,,,,,,,,,,,,,,,,,,,,,,,,,,,,,abd > an > pect >< hum gul > fem,,,,,yellow with a central dark blotch on each abdominal scute and along the seams,,well developed,,,,,,,,,,,,,,,,,,,,,,,,,,,,,,,dark,,,,,,,,,,,,,,,,,,,,,,,,flared,,usually undivided and projects beyond the marginals,,,,,,,,,,,,,,,,,,,,,,,may be raised slightly and surrounded by growth annuli,,,broader than long,,,,,,,,,,,,,,,,
