species,11th marginal,11th marginals,1st vertebral,2d and 3d vertebrals,4 claws on each forelimb,4th vertebral,5th vertebral,abdominal scutes (asl/cl),adult size,affinities,alveolar ridge,anal scute notch,antebrachial scales,antebrachium scales,anterio-lateral corner,anterior bridge strut,anterior bridge struts,anterior carapace,anterior lobes of the plastron rounded,anterior marginal length,anterior plastron,anterior/posterior black spots,antero-medial distal tibial scale,antero-medial row of tibial scales,atlas (c1) not elongated,atlas elements fused,atlas length,axillary buttresses,barbels,barbels length,base color,basisphenoid,blunt,blunt snout,body shape,bridge,bridge length,bridge shape,bright yellow coloration,bright yellow marking,bright yellow stripe,bright yellow stripes,brown to black,brownish or blackish speckling,carapace,carapace border,carapace central portion,carapace color,carapace color (angkibaanya),carapace depth,carapace depth/length,carapace elongation,carapace keel,carapace length,carapace margin reduction,carapace markings,carapace oblong to oval,carapace of elseya dentata,carapace ornamentation,carapace pattern,carapace posterior rim,carapace sculpturing,carapace scutes,carapace shape,carapace size,carapace strongly convex,carapace texture,carapace width,carapace width/length,carapacial color,carapacial median groove,carapacial median keel,carapacial opening,carapacial scute surface,casque,central vertebral keel,cervical,cervical scute,cervical vertebrae 2–4,cervical vertebrae length,chelodina,chelodina longicollis,chin barbels,cloacal bursae,color phases,color retention (female),cornubranchiale,costal bones,cream or yellow plastron,creamish or whitish,dark markings through eye,dark markings through iris,dark to black circular spots,dentary bones enlarged,dentary symphysis,difference from elseya purvisi,distal caudal vertebrae,distinct vertebral groove,distribution,dorsal color,dorsal coloration,dorsal head color,dorsal scutes,dorsum of neck,dorsum of the head,egg size,eleventh marginal width,entoplastron,epibranchials cartilaginous,exposed neural bones,eye,eye color,eye position,eye size,eyes,face color,face shape,facial coloration,facial coloration fades with age,facial scales,female head,femoral scutes (fsl/cl),first and second marginal plates width,first and second marginal scutes,first neural bone,first pair of costals,flat head,flat uncornified temporal scales,fluid secretion,fore lobe shape,forearm scales,forelobe,forelobe size,four claws,fourth and rest of marginal plates width,front cavity shape,frontal bones,frontal scutes,g - ig scute sulcus length,genetic distinctiveness,gular scutes,gular shields in contact in front of the intergular,habitat,hard palate shape,head,head and neck length,head background color,head casque,head color,head color pattern,head features,head features (young),head robusticity,head shape,head shield,head shield (casque) color,head shield (casque) shape,head shield blotches,head shield color,head shield lateral extensions,head shield width,head size,head width,head width to head length ratio,hind lobe,hind lobe shape,holotype,horny head shield,horny plate,humerus and femur,hyolaryngeal assemblage,hyolaryngeal complex modified,ih sulci length,ilium contact,ilium in contact with 8th pleural,ilium sutures,incubation period,inguinal and axillary buttresses,inguinal buttresses,inguinal musk glands present,inter-orbital band,interanal plastral seam,interanal seam,interanal seam length,intergular,"intergular at least twice, or more than twice the length of the pectoral suture",intergular scute,intergular scute length,intergular scute posteriorly tapered,intergular scute shape,intergular scute size,intergular width,interlateral seam,interorbital width to head width ratio,ip sulcus length,iris,iris color,iris color (angkibaanya),iris ring,irregularly sculptured in surface pattern,jaw coloration,jaws,juvenile coloration,juvenile pattern,keel form,large,large broad palate,lateral band,lateral borders,lateral borders of the carapace,lateral edge of the head shield,lateral marginal scutes,lateral marginals,lateral margins,lateral sulcus of the first vertebral scute,laterally directed,length of head and neck,light brown band,lingual ridge,long neck,lower jawline/throat skin border,m1 and m2 size,m1 protrusion,m1/m2 sulcus,m2 size,m3-m7,male size,mandible color,mandibular rhamphotheca,mandibular symphysis,marbled light plastron,marginal plates,marginal scutes,marginal serration,marginal serrations,marginal shape,marginal undersides,maxilla color,maxillary rhamphotheca,maxillary tomial edge,maxillary triturating surface,maximum carapace length,maximum carapace length (male),maximum known length,medial depression,medial division of palate,medial groove,medial keel,medial ridge,medium to large freshwater turtles,mesoclemmys jurutiensis,mid-caudal aspect,middle of the fourth and eleventh,moderately deep body-form,moderately depressed,moderately large,mouth,mouth size,narrower less robust skull,neck,neck dorsum,neck dorsum texture,neck features,neck length,neck morphology,neck scales,neck thickness,neural bones,neural series,neurals,nictitating membrane,no central groove on carapace,nose shape,nuchal,nuchal bone,nuchal scute,number of barbels,number of facial scales,osteology,oval-shaped,paired barbels,palate shape,palatines,pale band on head and neck,parietal,parietal arch,parietal arch absent,parietal crest,parietal roof width,parietals,parieto-squamosal arches,pectoral-abdominal seam,pelvis bone strength,peripheral bones,periphery of carapace,phrynops geoffroanus,plastral formula,plastral patch,plastral seam formula,plastral sulcus formula,plastron,plastron and bridge color,plastron broad,plastron color,plastron coverage,plastron greatly expanded anteriorly,plastron length,plastron markings,plastron shape,plastron size,"plastron, bridge, and undersides of the marginals color",pleural scute #1 (p1) – vertebral scute #1 (v1) sulcus,pleural scutes,post-orbital stripe color,posterior bridge strut,posterior carapace depression,posterior head shield shape,posterior horny head shield,posterior mandibular skin,posterior margin,posterior margin elevation,posterior marginal flaring,posterior marginal smoothness,posterior marginals,posterior to the eye,posterior-center blotch,posteriorly-facing dark brown trident marking,precentral scute,prefrontal bones,proboscis length,proximal suture of strut,red coloration,reticulated ornamentation,rib tips,sclera,sclera color,scute surface,scutes,senescent males,serrated margin,sexual dimorphism,shell color,shell depth,shell shape,similarity to elseya latisternum,similarity to elseya purvisi,size,size differences,skin color,skin flaps,skull,skull anteriorly elongated,skull shape,small to medium-sized,snout orientation,snout shape,splenial bone,sternum shape,sternum width,supraoccipital,supratympanic scale,suture with pleural 1,suture with pleurals,sutures of the plastral plates edged in black,tail,tail length,tail length in adult males,temporal arch,temporal scutes,temporal/post-orbital stripe,third marginal plate width,throat pattern,tibial scales,toes,transverse processes of cervical vertebrae,triturating surface area,tubercles,two pairs of chin barbels,tympanic color,type locality,upper jaw,upper jaw shape,upper mandible color,v1 scute,v1-c1 scute seams,v1-p1 sulcus,v2 shape,ventral color,ventral coloration,ventral extension of the head shield,ventral margin color,vertebral 1,vertebral 1 shape,vertebral 4,vertebral 5,vertebral column shape,vertebral keel,vertebral length,vertebral plates,vertebral scutes,vertebral shape,vertebrals,vertebrals 2-4,vomer and pterygoids,vomer-palatine contact,vomer-pterygoid contact,yellow-faced,young adult males,young description
Hydromedusa maximiliani,,,,,,,,,,,,,,,,,,,,,,,,,,,,strong,,,,limited contact with the quadrate bones,,,,,,,,,,,,,flattened,,,,,,,,,,,,,,,,,,,,,,,,,,,,,,,,,"large, lies behind the anterior marginals, and does not extend to the carapacial rim",,,,,absent,,,,,7th or 7th and 8th pairs meet at the midline,,,,,,,,,,,,,,,,,,,,,,,,,,,,,,,,,,,,,,,,,,,,,,,,,separate,,,,,,,,,,,,,,,,,,,,,,,,,,,,,,,,,,,,,,,,,,weak,,,,,,,,,,,,,,,,,,,,,,,lack triturating ridges,,,,,,,,,,,,,,,,,,,,,,,,,,,,,,,,,,,,,,,,,,,,,,,,,,,,,,,valvelike flap occurs at the corner,,,,,,,,,,,6-9,,,,,,,lies behind the anterior peripherals and does not reach the carapacial rim,,,,,,,,form a large bony opening,,"dorsal part absent, lateral edges reduced and tapered posteriorly",,,,,,,,,,,,,,,,"extensive, lacks a hinge, and has a large intergular scute separating the gulars",,,,,,,,,,,,,,,,,,,,,,,,,,,,meet at the midline,,,,,,,,,,,,,,,,,,,,,,long and flattened,,,,,,,,,contacts the parietal,,,,,,,,slender,,,,,,"fully webbed, four claws on each foot",,,,,,,,,,,,,,,,,,,,,,,,,,,,,,,absent,,,,
Emydura subglobosa,,,,,,,,,,,,,,,,,,,,,,form a horizontal bar through the iris,,,,,,,,,,,,,,,,,,,,,,,,,,dark-brown to black,lacks reddish to reddish-yellow lighter centers,,,,,,,,,,,,,,,oval to oblong,consistently oval-shaped,,,,,,,,,,,,,,,,,,,,,tend to retain bold coloration of ventral surfaces more vividly,,,,,,,,,,,,,,,,,,,,,,,,,,,,,,,,,,,,,,,,,,,,,,,,,,,,,,,,,,,,,,,,,,,,,,,,,,,,,,,,,,,,,,,,,,,,,,,,,,,,,,,,,,,,,,,pale golden-yellow,bright yellow to greenish yellow,,,,,,,,,,,,,,,,,,,,,,,horse-shoe shaped dark marking,,,,,,,,,,,,,,,,,,,,,,rarely exceed 150 mm,,,,,,,,,,,,,,,,,,,,,,,,,,,,,,,,,,,,,,,,,,,,,,,,,,,,,,,,,,,,,,,,,,,,,,,yellow or orangish-yellow,,,,,dark blotch present,,,,,,,,,,,,,flush across ventral carapace surfaces,,,,"yellowish-gray, often with darker markings",,,,,minimal morphological differences,,,,,,,,,,,,,,,,,,,,,,,,,,,,,extends to tympanum,,"dark gray, often with a centralized reddish-yellow patch",,,,,,,,,,,,,,,,,,,dark figure or wash,,,,,,,,,,,,,,,,,,
Hydromedusa tectifera,,,,,,,,,,,,,,,,,,,,,,,,,,,,,,,,,,,,brown or yellow with large brown blotches,,,,,,,,,"oval, dark-brown",,,,,,,,,to 30 cm,,,,,,,,,,,,,,,,,,,,,,,,behind the first two anterior marginals,,,,,,,,,,7th and 8th pairs meet at the midline,,,,,,,,,,,,,,,,,,,,,,,,,,,,,,,,,,,,,,,,,,,,longer than the hind lobe and more or less rounded anteriorly,,,,,,,,,,,,,,,,,,,,,,,,,,,,,,,,,,,,,,,,,,,,,,,,,,,,,,,,,,,,,,,,,,,,,,,,,posterior conical protuberances on vertebrals 1-4 and as an anterior conical protuberance on the 5th,,,,,,,,slightly upturned,,,,,,,,,,,,,,,,,,,,,,,,brown,,,,,,,,,,,present,,,,,,,,,,,,,,,,,,,,,,only six,,,,,reaches the rim of the carapace by lying partially between the first two anterior peripheral bones,,,,,,,,,,,,,,,,,,,22,,,,,,,immaculate yellow to yellow with brown blotches,,,,,,,,,,,,similar protuberances,,,,,,,,,,,,,,,,,,,,,,,,,,,,,,,,,,,,,,,,,,,,,,,,,,,,,,,,,,,,,,,,,,,,,,,,,,,,,,,largest,anteriorly flared,smallest,posteriorly expanded,,,,,"all broader than long in juveniles, but in adults the 1st vertebral is as long as or slightly longer than broad, and the 4th vertebral may be as long as broad",,,,,,,,,
Pseudemydura umbrina,,,,,,,,,,,,,,,,,,,,,,,,,,,,,,,,,,,,,"broad, about one-third the length of the plastron",,,,,,,,,,,light brown to black,,,,,,to 14 cm,,,,,,,,,,"flat, rectangular",,,,,,,,,,,,,,,,,,,,,,,,,,,,,,,,,,,,,,,,,,,,,,,,,,,,,,,,,,,,,,,,,,,,,,,,,,,,,,,,,,,,,,,,,,broad and flat,,,,,,,,,,,,,,,,,,,,,,,,,,,,,,,,,,,,,"very large, separating both the gulars and humerals and also partially separating the pectoral scutes",,,,,,,,,,,,,,,,,,,,,,,,,,,,,,,,,,,,,,,,,,,,,,,,,,,,,,present,,,,,,,,,,,,,,,,,,,,,,,,,no neurals are present,,,,,,,,,,,,,,,,,,,,,,,,,,,intergul > an > pect > abd > fem > gul > hum,,,,,,,,,,,,posterior notch,"very large, covering almost all of the carapacial opening",yellow with dark seams,,,,,,,,,,elevated over the tail,,smooth,,,,,,,,,,,,,,wrinkled and leathery,,,,,,,,,,,,,,,,,,,"short, slightly projecting",,,,,,,,,,,,,,,,,,,,,,,,,,unnotched,,,,,,,,,,,,,,,,"1st is the longest, and the 5th is the shortest and usually flared posteriorly",,,all vertebrals are broader than long in adults,,,,,,,,
Myuchelys bellii,,,,,,,,,,,,,,,,,,,,,,,,,,,,,,,,,,,,,,,,,,,,,,,,,,,,,,up to 135 mm,,,,,,,,,,very flattened and rounded,,,,,,,,,,,,,,,,,,,,,,,,,,,,,,,,,,,,,,,,,,,,,,,,,,,,,,,,,,,,,,,,,,,,,,,,,,,,,,,,,,,,,grayish to blackish,,"yellow line that originates just behind the mouth, at first very wide narrowing and fading out posteriorly on the neck","wide, yellow spot behind each eye, yellow line being very obvious behind the mouth",,,,,,,,,,,,,,,,,,,,,,,,,,,,,,,,,,,,,,,,,,,,,,,,,,,,,,,,,,,,,,,,,,,,,,,,,,,,,,,,,,,,,,,,,,,,,,,,,,,,,,,,,,,,,,,"dotted with large, somewhat tapered protuberances",,,,,,,,,,,,,,,,,,,,,,,,,,,,,,,,marked with a yellow band that extends to the underside of the marginals,,,,,,,,,"dirty gray, strongly marked with black seam lines and dark clouding; sometimes completely black",,,,,,,,,,,,,,,,,,,,,,,,,,,,,,,,,,,,,,,,,,,,,,,,,,,,,,,,,,,,,,,,,,,,,,,,,,,,,,,,,,,,,,,,,,,,,,,,,,,,,,,,,"almost discoidal in shape, serrated posterior marginals, flattened carapace, brown with black spots"
Chelodina canni,,,,,4 claws on each forelimb,,,,,,,,,,,,,,anterior lobes of the plastron rounded,,,,,,,,,,,,,,blunt,,,,,,,,,,brown to black,brownish or blackish speckling,,,,,,,,,,,,,,,,,,,,,,carapace strongly convex,,,,,,,,,,,,,,,,,,,,,,,,creamish or whitish,,,,,,,,distinct vertebral groove,,,,,,,,,,,,,,,,,,,,,,,,,,,,,,,,,,,,,,,,,,,,gular shields in contact in front of the intergular,,,,,,,,,,,,,,,,,,,,,,,,,,,,,,,,,,,,,,inguinal musk glands present,,,,,,"intergular at least twice, or more than twice the length of the pectoral suture",,,,,,,,,,,,,,irregularly sculptured in surface pattern,,,,,,,,,,,,,,,,laterally directed,,,,long neck,,,,,,,,,,,,,,,,,,,,,,,,,,,,,,,,,,moderately deep body-form,moderately depressed,,,,,,,,,,,,,,,,,,,,,,,,,oval-shaped,,,,,,,,,,,,,,,,,,,,,,,,,,plastron greatly expanded anteriorly,,,,,,,,,,,,,,,,,,,,,,,,,,,,,,,,,,,,,,,,,,,,,,,,small to medium-sized,,,,,,,,,,sutures of the plastral plates edged in black,,,,,,,,,,,,,,,,,,,,,,,,,,,,,,,,,,,,,,,,,,,,,
Myuchelys purvisi,,,,,,,,,,,,,,,,,,,,,,,,,,,,,,,,,,,,,,,"ventral marginal, plastron",ventral distal tip of the tail,ventral aspects of legs,tail,,,,,,,,,,,,,,,,,,,,,,,,,,,,,,,,,,,,,,,,,,,,,,,,,,,,,,,,,,,,,,,,,,,,,,,,,,,,,,,,,,,,,,,,,,,,,,,,,,,,,rivers of north-eastern new south wales,,,,,,,,,,,,,,,,,,,,,,,,,,,,,,,,,,,,,,,,,,,,,,,,,,,,,,,,,,,,,,,,,,,,,,,,,,,,,,,,,,,,,,,,,,,,,,,,,,,,,,,,,,,,,,,,,,,,,,,,,,,,,present,,,,,,,,,,,,,,,,,,,,,,,,,,,,,,,,,,,,,,,,,,,,,,,,,,,,,,,,,,,,,,,,,,,,,,,,,,,,,,,,,,,,,,,,,,,,,,,,,,,,,,,,,,,,,,,,,,,,,,,,,,,,,,,,,,,,,,,,,,,,,
Rheodytes leukops,,,,,,,,,,,,,,,,,,,,,,,,,,,,,,,,,,,,,,,,,,,,,,,,,,,,,,,,,,,,,,,,,,,,,,,,,,,,,,,,,,,,huge,,,,,,,,,,,"long, completely coossified",,,,,,,,,,,relatively small,,,,,,,,,,,,,,,,,,,,,,,,,,,,,,,,,,,,,,,,,,,,,,,,,,,,,,,,,,,,,,,,,,,,,,,short,,,,,,,,,,,,,,,,contacts on the posterior parts of the sixth and eighth marginal scutes,,,,,,white,,,,,,,,,,,,,,,,,,,,,,,,,,,,,,,,,,,,,,,,,straight in profile,"narrow, unridged",,,,,,,,,,,,,,,,,,,,,,,,,,,,,,,,,,,,,,,,,,,,,,,,,,,,,,,,,,,,,,,,,,,,,,,,,,,,,,,,,,,,,,,,,,,,,forming gomphoses with the centers of peripherals 4-6,,,,,,,,,,,,,,,,,,,,,,,lacking,,,,,,,,,,,,,,,,,,,,,,,,,,,,,,,,,,,,,,,,,,,,,,,,,,,,
Mesoclemmys vanderhaegei,,,,,,,,smallest,,,,,,,,,,,,,,,moderately developed,,,,,,small,,,,,,,,,,,,,,,,,,,dark brown to blackish with pale brownish yellow speckling,,,,,,,,,,,,,,,,flatter,,,,,,,present,absent,,,,,,,,,,,,,,,,,,,,,,,,,,,,,,,,,,,,,,,,,,,,,,,,,,largest,,,,,,,,,,,,,,,,,,,,,,,,,,,,,,,,medium-sized,,,,,,,,,proportionately wider,,,,,,,,,,,,,,,,,,,,,,,,,,,,,wider than gulars,,,,"horizontal ""bar""",,,,,,,,,,,,,,,,upturned,,not upturned,,,,,,,,,,,,,,,,,,,11th narrower than 12th,,,,,,,,,,,,,,,,,,,,,,,,,,,,,,,,,,,,reduced,,,,pointed,,,,,,,,,,,,,,,,moderate,,,,,,,,,"blackish on central parts of humeral, pectoral, abdominal, and femoral scutes",ig>if>iab,,,,,,,,,,,,,,,,,,,,,,,,,,,,,,,,,,,,,,,,,,,,,,,,,,,,,,,,,,,,,,,,,,,,,,,,,,,,,,,,,,,,,,,,,"generally pale, unpigmented burnt yellow",,,,,,,,,,,,,,,,,,,,,
Chelodina rugosa,,,,,,,,,,,,,,,,,,,,,,,,,,,,,,,,,,,,,,,,,,,,,,,,,,,,,,,,,,,,,,,,,,,,,,,,,,,,,,,,,,,,,,,,,,,,,,,,,,,,,,,,,,,,,,,,,,,,,,,,,,,,,,,,,,,,,,,,,,,,,,,,,,,,,,,,,,broader,,,,,,,,,,,,,,,,,,,,,,,,,,,,,,,,,,,,,,,,,,,,,,,,,,,,,,,,,,,,,,,,,,,,,,,,,,,,,,,,,,,,,,,,,,,,,,,,,,,,,,,,,,,,,,longer,,,thicker,,,,,,,,,,,,,,,,,,,,,,,,,,,,,,,,,,,,,,,,,,narrower,,,,,,,,,,,,,,,,,,,,,,,,,,,,,,,,,,,,,,,,,,,,,,,,,,,,,,,,,,,,,,,,,,,,less obvious,,,,,,,,,,,,,,,,,,,,,,,,,,,,,,,,
Chelodina longicollis,,,,,,,,,,,,,,,,,physical,,,,,,,,physical,physical,,,,,,,,,,,,,,,,,,,,,,,,,,,,,,,physical,,,,,,,,,,,,,,,,,,,,,,quantitative,,subgenus,genus,,,,,physical,,,,,,,physical,,,,,,,,,,physical,,,,,physical,physical,,,,,,,,,,,,,,,,,,,physical,,,,,physical,,,,,,,descriptive,,,,,,,,,,,,,,,,,,,,,,,,,,,,,,,physical,,,physical,,,,,,,,,,,,,,physical,,,,,,,,,,,,,,,,,,,,,,,,,,,,quantitative,,,physical,,,,,,,,,,,,,,,,,,,,,,,,,,,,,,physical,,,,,,,,,,,,,,,,,,,,,,,,,,,,,,,,,,,,,descriptive,,,,,,,,,,,,,,,,physical,,,,,,,,,,,,physical,,,,,,,,,,,,,,,,,,physical,,,,,,,,,,,,,,,,,,,physical,,,,,,,,,,,physical,,,,,,,,,,,,physical,quantitative,,,,,,,,,,,,,,,,,,,,,,,,,,,,,,,,,
Elusor macrurus,,,,,,,,,,,,,,,,,,,,,,,,,,,,,long and fleshy,,,,,,,,,,,,,,,,,,,,,,,,,,,,,,,,,,,,,,,,,,,,,,,,,,,,,,,,,,,,,,,,,,,,bearing distinct haemal arches,,,,,,,,,,,,,,dull and dark,,,,,,,,,,,,,,,,,,,,,,,,,,,,,,,,,,,,,,,,,,,,,,,,,,,,,,,,,,,subequallength,,,,,,,,subequal size,,,,,,,,,,,,,,,,,,,,,,,,,,,,,,,,,,,,,,,,,,,,,,,,,,,,,,,,,,,,,,,,,,,,,,,,,,,,,,,,,,,,,,,,,,,,,vestigial,,,,,,,,,,,,,,,,,,,,,,,,,,,,,,,,,,,,,,,,,,,,,,,,,,,,,,,,,present,,,,,,,,,,,,,,,,,,,,,,,,,,,,,,,,,,,,,laterally compressed,,significantly longer than combined length of head and neck,,,,,,,,,,,,,,,,,,,,,,,,,,,,,,,,,,,,,,,,,,
Chelodina kuchlingi,,,,,,,,,,,,,,,,,,,,,,,,,,,,,,,,,,,,,,,,,,,,,,,,light fawn,,,,,,,,,,,,,,,,evenly oval,,,rugosities,,,,,,,,,,,,,,,,,,,,,,,,,,,,,,,,,,,,,,,,,,,,,,,,,,,,,,,,,,,,,,,,,,,,,,,,,,,,,,,,,,,,,,,round,,,,,,,,,,,,,,,,,,,,,,,,,,,,,,,,,,,,,,,,,,,,,,,,,,,,,,,,,,,,,,,,,,,,,,,,,,,,,,,,,,,,,,,,,,,,,,,,,,,,,,,,,,,,,,,,,,,,,,,,,,,,,,,,,,,,,,,,,,,,,,,,,,,,,,,,,,,,,,,,,,,,,,,,,,,,,,,,,,,,,,,,,,,,,,rounded,,,,,,,,,,,,,,,,,,,,,,,,,,,,,,,,,,,,,,,,,,,,,,,,,,,,,,,,,,,,,,,,,
Chelodina novaeguineae,,,,,,,,,,,,,,,,,,,,,,,,,,,,,,,,,,,,,,,,,,,,,,,,,,,,,,,,,,,,,,less sculptured,,more rounded,larger,,,,,,,,,,,,,,,,,,,,,,,,,,,,,,,,,,,,,,,,,,,,,,,,,,,,,,,,,,,,,,,,,,,,,,,,,,,,,,,,,,,,,,,,,,,,,,,,,,,,,,bmnh 1908.2.25.1,,,,,,,,,,,,,,,,,,,,,,,,,,,,,,,,,,,,"black carapace, paler spotting, bright red and black-mottled plastron, bright red on the inside of limbs, jaw, and under the throat",mottling,,,,,,,,,,,,,,,,,,,,,,,,,,,,,,,,,,,,,,260 mm,,,,,,,,,,,,,,,,,,,,,,,flat wart-like protuberances,,,,,,,,,,,,,,,,,,,,,,,,,,,,,,,,,,,,,,,,,,,,,,,,,,,,,,,,,,,,,,,,,,,,,,,,,,,,,,,,,,,apparent,,,,,,,,blunt,,,,,,,,,,,,,,,,,,,,,,,,"lower burdekin river, queensland",,,,,,,,,,,,,,,,,,,,,,,,,,,,,
Chelodina parkeri,,,,,,,,,,,,,,,,,enlarged,,,,,,,,,,,,,,,,,,,,,,,,,,,,,,,,,,,,,,,,,,,,,,,broadly oval,,,,,,,,,,,,,,,,,,,,,,,,,,,,,,,,,,,,,,,,,,,,,,,,,,,,,,,,,,,,,,,,,,,,,,,,,,,,,,,,,,longer than carapace,,,,,,,,,,,,,,,,,,,,,,,,,"highly modified; extreme elongation of corpus hyoideum along sulcus tracheae; anterior cornubranchiale expanded, elongated, extending beyond posterior cornubranchiale; epibranchials fully ossified in adults, cartilaginous throughout life in species of the other subgenera",,,,,sutures with 8th pleural and pygal and is latero-posteriorly rotated,,,,,,,,,,,,,,rhomboid,,,,,,,,,,,,,,,,,,,,,,,,,,,,,,,,,,,,,,,,,,,,,,,,,,,,,,,,,,,,,,,,,,,,,,,,finely reticulated,,,,,,,,,,,,,,,,,"atlas (c1) elongated; cervical vertebrae 2–4 greatly elongated (centrum about three times as long as wide); transverse processes of cervical vertebrae thickened, not bladelike as in subgenera chelodina and macrochelodina",,,,,,,,,,,,,,,,,,,,,,,,,,,,approximately twice as long as its width measured anterior to the bridge,,narrow,,,,,,"enlarged and thickened, but does not contact pleurals",,,,,,,,,,,,,,,,enlarged and also contacts 2nd pleural in very large specimens,,,,,,,,,,,,,,,,,,,,,,dorsoventrally flattened,,,,,,,,,extends half-way across pleural,,,,,,,,,,,,,,,,,,,,,,,,,,,,,,,,,,,,,,,,,,,,,,,
Chelodina oblonga,,,,,,,,,,,,,,,,"small, sharply angled posteriorly with minimal suture surface with pleural 1",,,,,,,,,,,moderately elongated,,,,,,,,,,,,,,,,,,,,,,,,,elongated anteriorly and shortened posteriorly giving a narrow carapace with negligible posterior flaring,,,generalised reduction of carapace margins anteriorly and posteriorly,,,,deep reticulated ornamentation of shell often present,,,,,"broadly oblong, flattened dorsally and furrowed along midline",,,,,,,,,,,,,,,,cervical vertebrae 2–4 greatly elongated (centrum about three times as long as wide),,,,,,,,,,,,,,,,,,,,,,,,,,,,,,,,,,,,,,,,,,,,,,,,,,,,,,,,,,,,,,,,,,"when fully extended, longer than carapace length",,,,,,,,,,,,,,,,,,,,,,,,,,,,in contact with posterior half of 8th pleural and pygal,,,,,,,,,,,,,,,,,,,,,,,,,,,,,,,,,,,,,,,,,,,,,,,,,,,,,,,,,,,,,,,,,,,,,,,,,,,,,,,,,,,,,,,"finely reticulated, lacking obvious tubercles",,,,,,,,,5–8 (smales 2019) exposed coffin-shaped neurals present,,,,,,,,,,,,,,,,,,,,,,,,,,,,,,,,,,,covering only about half of anterior orifice of shell in ventral view,,"long, narrow, more than twice as long as width measured immediately anterior to bridge, covering only about half of anterior orifice of shell in ventral view",,,,,,,,"small, does not contact pleurals",,,,,,,,,,,,,,,,,,,,,,,,,,,,,,,,,,,,,,,,,,,,,,,,,,,,,,,,,,,,thin and bladelike,,,,,,,,,,,,,,,,,,,,,,,,,,,,,,,,,,
Chelodina walloyarrina,,,,,,,,,,,,,,,,,,,,,,,,,,,,,,most medial one or two pairs being notably long,,,,,,,,,,,,,,,,,,,,,,,,,,,,,,,,,,,,,,,,,,,,,,,,,,,,,,,,,,,,,,,,,,,,,,,,olive green to black,,,,,,,,,,,,,,,,,,,,,,,,,,,,,,,,,,,,,,,,,,,,,,,,,,,"5% less than that of m. burrungandjii, 9% less than that of (average) m. rugosa, and 6% more than that of m. kuchlingi",,,,,,,,,,,0.74,,,,,,,,,,,,,,,,,,,,,,,,,,,,,,"equals that of m. burrungandjii, but is 7% less than that of m. rugosa, and 13% less than that of m. kuchlingi",,,olive or green to orange or rust with an inner white to gold ring,,,,,,,,,,,,,,,,,,,,,,,,,,,,,,,,,,,,,,,,,,,,,,,,,,,,,,,,,,,,,,,,,,,,,,,,,,,,,,,,three to four pairs,,,,,,,,,,,,"11% narrower than that of m. burrungandjii and that of m. rugosa, and 20% narrower than that of m. kuchlingi",,,,,,,,,,,,,,,,,,,,,,,,,,,,,,,,,,,,,,,,,,,,,,,,,,,,,,,,,,,,,,,,,,,,,,,,,,,,,,,,,,,,,,,,,,usually white with olive green mottling,,,,,,,,,,,,,,,,,,,,,,,,,,,,,,
Elseya nabire,,,,,,,,,,,,,,,,,,,,,,,,,,,,,,,,,,,,,,,,,,,,,,,,rusty or chestnut brown,,,,,,,,,,,,,,,,oval,,,,,,,,,,,,,,,,,,,,,,,,,,,,,,,,,,,,,,,,,,,,,,,,uniquely almost completely darkened black in wild coloration but giving way to a dark chestnut-iris with minimal yellow flecking in captivity,,,,,,,,,,,,,,,,,,,,,,,,,,,,,,,,,,,,narrow longitudinal (parietal) head casque extensions of the posterior head shield reaching to make contact with the dorsal rim of the tympana at the anterior (‘12 o’clock’) position,,,,,,,"keratinous head shield fully developed, dipping minimally behind posterior eye orbit",,,,,,,,,,,,,,,,,,relatively shortest (posterior-most point of ig scute closest to h-p sulcus) of all currently described elseya species in new guinea (except for e. rhodini),,,,,,,,,,,,,,,,,,,,,,,,,,,,,,,,,,,,,,,,,,,,,,,,,,,,,,,dark gray,,,,,,,,"all marginals even (level) to one another on the outer edges, hence lacking any noticeable marginal serration",,uniformly dark gray,,,,,,,,,,,,,,,,,,,,,,,,,,,,,,,,,,,,,,,,,,,,,,,,,,,,,,,,,,,,,,,,,,,,,,,,,,,,,,,squared off at its terminus,,,,,minimal,,,,,,,,,,,,,,,,,,,present,,,,,,,,,,,,,,,,,,,,,,,,,,,,,,,,,,,,,,,,,,,,,,"typically octagonal shaped, having four unequal sides on each side of length wise symmetry where v2 meets adjacent scutes sulci",,,,,,,,,,strongest (sharpest) portion of narrow vertebral keel present in adults from the posterior portion of v4 through to the full length of v5,,,,,,,,,,,,
Mesoclemmys nasuta,,,,,,,,,,,,,,,,,,,,,,,,well-developed scale present at distal end,,,,,,,,,,,,,,,,,,,,,,,,,,,,,,,,,,,,,,,,,,,,relatively broad,,,,,,,,,,,,,,,,,,,,,,,,,,,,,,,,,,,,,,,narrower than or equal to the width of the supracaudals,,,,,,,,,,,,,,,,,,absent,,,,,,,,,,,,,,,,,,,,,,,,,,,,,,,,,,,,,,20% or more of the median straight length of the carapace,,,,,,,,,,,,,,,,,,,,,"usually longer than the interhumeral seam, but sometimes equal or shorter",,,,,,,,,,,,,,,,,,,,,,,,,,,,,,,,,,,,,,,,,,,,,,,,,,,,,,,,,,,,,,,,,,,,,,,,,,,,,,,,relatively thin and short,,,,0-5 (usually 3-4),,,,,,,,,,,,,small,,,,,,,,,,,,,,,,,,,,,,,,,,,,,,,,,,,,,,,,,,,,,,,,,,,,,,,,,,,,,,,,,,,,,,,,,,,pointed,,,,,,,,,,,,,,,,,,,,,,,,,,,,,,,,,,,,,,,,,,,,,,,,,,,,,
Mesoclemmys gibba,narrower than the supracaudals,,,,,,,,,,,,,,,,,,,,,,,,,,,,,,,,,,,,,,,,,,,,,,,,,,,,,,,,,,,,,,,,,,,,,,,,,,,,,,,,,,,,,,,,,,,,,,,,,,,,,,,,covered by many small seales,,,,,,,,,,,,,,,,,,,,absent,contact medially,,,,,,,,,,,,,,,,,,,,,,,,,,,,,,,,,,,,,15-20%,,,,,,,,,,,,,,,,,,,shorter than the interhumeral seam,,,,,,,,,,,,,,,,,,,,,,,,,,,,"narrow mildly, with a strong upward curve",,,,,,,,,,,,,,,,,,,,,,,,,,,,,,,,,,,,,,,,,,,,,,,,,,,,,,,,,,3-4,,,,,,reaches the anterior margin of the carapace,,,,,,,short to medium in size,,,,,,,,,broadened above,narrow,,,,,,,,,,anterior end equal to or wider than the posterior end,,,,,,,,,,,,,,,,,,,,,,,,,,,,,,,,,,,,,,,,,,,,,,,,,,,,,,,,,,,,,,,,,,,,,,,,"no large, round scale present distally on the antero-medial row",,,,,,,,,,,,,,,,,,,,,,,,,,,,,"arched, with the median keel on vertebrals 3, 4, and 5 poorly developed",,,,,,,
Phrynops geoffroanus,,wider than the supracaudals,,,,,,,,,,,,,,,,,,,,,,,,,,,,,,,,blunt snout,,,,,,,,,,,relatively flat,,,,,,,,,,,,,,,,,,,,,,,,,,,,,,,,,,,,,,,,,,,,,,,,,,,,,,,,,,,,,,,reduced,,,,,,,,,,,,,,,,,"present, contacting the proneural, and separates the first pair of costals",,flat and wide,,,,,,,,,,,,,,,,,,,,,,,,,,,,,,,,,,,,15-20% of the median straight length of the carapace,,,,,,,,,,,,,,,,,,,,longer than the interhumeral seam,,,,,,,,,,,,,,,,,,,,,,,,,,not upturned and without narrowing,,,,,,,,,,,,,,,,,,,,,,,,,,,,,,,,,,,,,,,,,,,,,,,,,,,,,,,,,,,5 to seven neural bones,,,,,,,,,,,,,usually long,,,,,,,,,,,,,,,genus,,,,,,,,,,,,,,,,,,,,,,,,,,,,,,,,,,,,,,,,,,,,,,,,,,,,,,,,,,,,,,,,,,,,,,,,,,,,,,,,,,,,,,,,,,,,,,,,,,,,,,,,,,,,,,,,,
Mesoclemmys perplexa,,,,,,,,,,,,,,,,,,,,,,,,,,,,,,,,,,,,,,,,,,,,,,,,,,,ca. 0.25 (juvenile) – 0.28 (adult),,,,,,,,,,,,,,,,,,ca. 0.7 (juvenile) – 0.6 (adult),,,,,,,,,,,,,,,,,,,,,,,,,,,,,,,,,,noticeably sculpted by both concentric and radiating ridges,,,,,,,,,,,,,,,,,,,,,,,,,,,,,,,,,,,"not bulging, with the frontals making a more or less obvious cruciform figure",,,,,,,,,,,,,,,,,,,,,,,,moderately enlarged,,,,,,,,,,,,,,,,,,,,,,,,,,,,,,,,,,,,,,,,,,,,,,,,,,,,,,,,,,,,,,,,,,,,,,,,,,,,,,,,,,193.7 mm (female),,,,,,,,,,,,,,,,,,,,,,,,,,,,,,,,,,,,,,,,,,,,narrow,,,,,,,,,,,,,,,,,,,,,,,,,,,,,,,,,,,,,,,,,,,,,,,,,,,,,,,,,,,,,,,,,,,not upturned,short and pointed,,,,,,,,,,,,,not bulging,,,,,,,,,,,,,,,,,,,,,,,,,,,,,,,,,,,,,,,,
Elseya kalumburu,,,,,,,,,,,,,,,,,,,,,,,,,,,,,,,,,,,,,,,,,,,,,,,,,,,,,,,,,,,,,,,,,,,,,,,,,,,,,,,,,,,,,,,,,,,,,,,,,,,,,,,,,,,,,,,,,,,,,,,,,,,,,,,,,,,,,,,,,,,,,,,,,,,,,black,,,,,oval,,,,,,,,,,,,,,,,,,,,,,,,,,,,,,,,,,,,,,,,,,,,,,,,,,,,,,,,,,,,,,,,,,,,,,,,,,,black,,,,,,,,,,black,,,,,,,,,,,,,,,,,,,,,,,,,,,,,,,,,,,,,,,,,,,,,,,,,,,,,,,,,,,,,,,,,black,,,,,oval,,,,,,,,,,,,,,,,,,,,,,,,,,,,,,,,,,,,,,,,,,,,,,,,,,,,,,,,,,,,,,,,,,,,,,,,,,,,,,,,,,,,,,,,,,,,,,,,,,,,
Elseya novaeguineae,,,,,,,,,,,,,,,,,,,,,,,,,,,,,,,,,,,,,,,,,,,,,,,,,,,,,,,,,,,,,,,,oval,,,fine striated,,,,,,,,,,,,,,,,,,,,,,,,,,,,,,,,,,,,,,,,,,,,,,,,,,,,,,,,,,,,,,,,,,,,,,,,,,,,,,,,,,,,,,,,,,,,,,,,,,,,,,,,,,,,,,,,,,,,,,,,,,,,,,,,,,dull pale green with washing of dark green fleckings throughout,,,,,,,,,,,,,,,,,,,,,,,,,,,,,,,,,,,,,minor to no serration in young and adult specimens,,even (level) to one another,,,,,,,,,,,,,,,,,,,,,,,,,,,,,,,,,,,,,,,,,,,,,,,,,,,,,,,,meets the marginals generally at m6 or more specifically at the beginning of m6,,,,,,,,,,,,,,,,,,,,,,,,,,longitudinal extensions of the posterior horny head shield (casque) broad and fully contacting the postero-dorsal rim of the tympanum,,,,,,,,small circular black blotch present on the posterior-center of each vertebra and costal scute,,,,,,,,,,dark gray,,,,,,,,,,,,,,,,,,,,,,,,,,,,,,,,,,,,,,,,,,,,,,,,,,,,,,,,,,,,,no vertebral keel present in adults,,,,,,,,,,,,
Chelus orinocensis,,,,,,,,,,,,,,,,,,,,,,,,,,,,,,,,,,,,,,,,,,,,,,,,,,,,,strongly three-keeled tuberculate,approximately 53 cm,,,,,,,,,,oval,,,,,,,,,,,,,,,,,,,,,,,,,,,,,,,,,,,,,,,,,,,,,,,,,,small,,,,,,,,,,,,,,,,,,,,,,,,,,genetically distinct,,,,,,,,,,,,,,wide triangular flattened,,,,,,,,,,,,,,,,,,,,,,,,,,,,,,,,,,,,,,,,,,,,,,,,,,,,,,,,,,,,,,,,,,,,,,,,,,,,,,,,,,,,,,,,,,,,,,,,,,,,,,,,extremely wide,,,,,,elongated thick,,,,,,,,,,,,,,,,,,,,,,,,,,,,,,,,,,,,,,,,unpigmented pale yellow,,,,,,,,,,,,,,,,,,,,,,,,,,long tubular,,,,,,,,,,,,,,,,,,,,on head and neck,,,,,,,,,,,,,,,,,,,,,,,,,,,,,,,,,,,,,,,,,,,,,,,,,,,,,,,,,,,
Elseya papua,,,,,,,,,,,,,,,,,,,,,,,,,,,,,,,,,,,,,,,,,,,,,,,forming a significant elevation in relation the anterior and posterior ends of the carapace,uniformly yellowish walnut-brown,,,,,,,,,,,,,,,,,,,,nearly equal to carapace length measured at the respective midpoints,,,,,,,,"peaked, with the posterior portion of each of the first four vertebral scutes being raised (offset) to each subsequent anterior vertebral scute",,,,,,,,,,,,,,,,,complete absence or fading,,,,,,,,,,,,,,,,,,,,,,,,,,,,,,,,,,,,,,,,,,,,,,,,,,,,,,,,,,,,,,,,,,,,,,,,,,,,,,,,,,,,,,,,,,,,,,,,,,,,,,,,,,,,,,,,,,,faded greenishbrown,,,,,,,,,,,,,,,,,,,,,,,,,yellowish circumferential ring at the border,,,nearly equal to each adjoining marginal so as to create a relatively smooth rim to the exterior circumference of the carapace,,,,,,,,,,,,,,,,,,,,,,,,,,,,,,,,,,,,,,,,,,,,,,,,,,,,,,,,,,,,,,,,,,,,,,,,,,,,,,,,,,,,,,,,strong flaring beginning at m8,,,,,,,,,,,,,,,"vertebral keel lost, carapace becoming smooth and rounded",,,,,,,,,,,,,,,,,,,,,,,,,,,,,,,,,,,,,,,,,,,,dark brown to black,significantly wider than long,,,,,,,,,,,,,,,,,,,,,,,,"smaller, less deep shell, often retain traces of the reddish tinge to the skin in the areas of the upper throat, lateral jaw and lateral sides of the head and head shield",
Elseya auramemoria,,,,,,,,,,,,,,seven enlarged scales,,,,,,,,,,,,,,,,,,,,,,,,,,,,,,,,,,uniformly orange-tinged olive brown,,,,,,,,,,,,,,,free of any defined markings or defined pattern,,,,,,,,,,,,,,,,,,,,,,,,,,,,,,,,,,,,,,,,,,,,,,,,,,,,,"olive-greenish brown, including the tympanum",,,,,,,,,,,,,,,,,,,,,,,,,,,,,,,,,,,,,,,,light to mid-brown,does not dip behind the eye post-orbitally and whose lateral extensions over the parietal arch broadly reach the dorso-posterior rim of the tympanum,,,,,,,,,,,,,,,,,,,,,,,,dusky yellowish-brown,,,,,,,,,,,,,,,,,,,,,,,,,,,,,,,,,,,,,,,,,,,bowed concavely interiorly,twice the size of m1,dorsally-curled exterior marginal edges,,,,,,,,,,,,,,,,,,,,,,"yellowish-brown, extending from posterior v1 to posterior v4",,,,,,,,,,,,,,,,,,,,,,,,,,,,,,,,,,,,,,,,,,,,,,,,,,,,,,,,"dark creamy-yellow, free of darker markings or pattern",,,,,,,,,,,,,,,,,,,,,,,"present, runs from behind the orbits and the center to reach the end of the head shield and the extensions",,,,,,,,,,,,,,,,,,,,,,,,,,,,,,,,,,,,,,,,,,,,,,,,,,,present,,,,,,,,bowed convexly exteriorly,,,,,,,,,,,,,,,,,,,,,,,
Chelodina kurrichalpongo,,,,,,,,,,,,,,,,,,,,,,,,,,,,,,,,,,,,,,,,,,,,,,,,,,,,,,,,,,,,,,,,oval to pear-shaped,,,"dark brown to jet black, somewhat rugose to dimpled",,,,,,,,,,,,,,,,,,several lighter color phases are documented,,,,,,,,,,,,,,,,,,,,,,,,,,,,,,,,,,,,,,,,,,,,,,,,,,,,,,,,,,,,,,dark brown to grayish-black,,,heavily besotted throughout with black dots and with black outlining of the head scales,,,,,,,,,,,,,,,,,,,,,,,,,,,,,,,,,,,,,,,,,,,,,,,,,dark blood-red l f l s circumscribed with a black ring and containing a golden to whitish-yellow iris ring around the pupil,,heavily marked with dull brown blotches and dark vermiculation,,,,,,,,,,,,,,,,,,,,,nearly equal in surface area,,,,,,,,,,,,lack serration,,,,,,,,,,,,,,,,,,,,,,,,,,,,,,,,,,,,,,,,,,,,,,,,,,,,,,,,,,,,,,,,,,,,,,,,,,,,,,,,,,,,,,,,,,,,,,,,,,,,,,,,,,,,,relatively deep,,,,,,,,,,,,,,,,,,,,,,,,,,,,,,,,,,,,,,,,,,,,,,,,,,,,,,no vertebral keel present,,,,,,,,,,,,
Elseya caelatus,,,,,,,,,,,,,,,smaller black blotch,,,,,,,,,,,,,,,,,,,,,,,,,,,,,,"oval, low, evenly arched",,,,,,,,,,,,,,,,,,heavily indented straight and angular growth lines,,,,,,,,,,,,longitudinal extensions do not contact the rim of the tympanum,,,,,,,,,,,,,,,,,,,,,,,,,,,,,,,,,,,,,,,,,,,,,,,,,,,,,,,,,,,,,,,,,,,,,,,,,,,,,,,,,,,,,,,,,,,,,"dark black-brown, bordered anteriorly by a lime-green interorbital band and laterally by a broad lime-green temporal band",,,,,,,,,,,,,,,,,,,,,,,,,,,,bright green with dark green flecking,,,,,,,,,,,,,,,,,,,,,,circumscribing the entire carapace,,,,,slightly anterior to m2,,,,,,,,,,,,,,,,,,,,,,,,,,,,,small circular black blotch,,,,,,,,,,,,,,,,,,,,,,,,"squared, protrudes slightly anterior to m1",,,,,,,,,,,,,,,,,,,,,,,,,,,,,,,,,,,,,,,,sudden depression from the anterior v4 to the posterior of m12,,,,,,,,"off-set overlapping, creating a serrated flare",,,,,,,,,,,light-green infused gray,,,radiating fine brown lines,,,,,,,,,,,,,,,,,,,,,,,,,,,,,,,,,,,,,,,,,,,,,,,contact the anterior one-quarter length of m2,,,,,,,,,,,,,,,,,,,,,,,,
Elseya branderhorsti,,,,,,,,,,lies with elseya dentata in australia [from thomson et al. 2015],,,,,,,,,,,,,,,,,,,,,,,,,,,,,,,,,,,,,,"uniformly dark, lacking any regular spots",,,,,,,,,,,,,,,,,,,,,,,,,,,,,,,,,,,,,,,,,,,,,,,,,,,,,,,,,,,,,,,,,,,,,,,,,,,,,,,,,,,,,,,,,,,,,,,,,,,,,,,,,,,,,,,,,,,,,,,,,,,,,,,,,,,,,,,,,,,,,,,,,,,,,"typically indistinct, dark, similar in color to the surrounding sclera (liquid eyes)",,,,,,,,,,,,,,,,,,,,,,,,,,,,,,,,,,,,,,,,,,,,,,,,,,,,,,,,,,,,,,,,,,,,,,,,,,,,,,,,,,,,,,,,,,,,,,,,,,,,,,,,,,,uniformly cream or yellow (white in hatchlings and small juveniles),,,,,,,,,,,,,,,,,,,,,,,,,,,,,,,,,,,,,,,,,,,,,,,,,,,,,,,,,,,,,,,,,,,,,,,,,,,,,,,,,,,,,,,,,,,,,,,,,,,,,,,,,
Elseya rhodini,,,,,,,,,,,,,,,,,,,,,,,,,,,,,,,green,,,,,,,,,,,,,,spots on the scutes are visible in all growth stages,,,,,,,,,,,,,,,,,,,,,,,,,,,,,,,,narrower (approximately 30% of length),,,,,,,,,,,,,,,,,,,,,,,,,,,,,,,,,,,,,,,,,,,,,,,,,,,,,,,,,,,,,,,,,,,,,,,,,,,,,,reduced,,,,,,,,,,,,,,,,,,,,,,,,,,,,,,,,,,,,,,,,,,,,,,,,,,,,,,,,above the level of the eye,,,,contacts the anterior 1⁄4 of the second marginal,,,,,,,,,,,,,,,,,,,,,,,,,,,,,,,,,,,,,,,,,,,,,,,,,,,,,,,,,,,,,,,,,,,,,,,,,,,,,,,,,,,,,,,,,,,,,,,,,,,,,,,,,,,,,,absent,,,,,,,,,,,,,,,,,,,,,,,,,,vomer with the pterygoids posteriorly and the premaxillae anteriorly,,,,,,,,,,,,,,,,,,,,,,,,,,,,,,,,,,,,,,,"reduced, typically still reaching the tympanum, but narrower throughout its length",,,,,,,,,,,,,,,,,,,
Elseya flaviventralis,,,,,,,,,,,,,,,,,,,,,,,,,,,,,,,,,,,,"extensive, with little or no abrupt angle between the bridge and the ventral surface of the plastron",,,,,,,,,,,,light to medium brown,,,,,,,,,,dark brown to almost black,,,,,,,,,,,,,,,,,,,,,,,,,,,,,,,cream or yellow plastron,,,,,,,,,,,,,,,,,,,,,,,,,,,,,,,,,,,,,,,flat uncornified temporal scales,,,,,,,,,,,,,,,,,,,,,,,,,,,broken up into a series of small plates rather than a single unit,,,,,,,,,,,,,,,,,,,,,,,,,,,,,,,,,,,,,,,,,,,,,,,,,,,large,,,,,,,,,,,,,,,,,,,,,,,,,,,,,,,,,,,,,,,,,,,,,,,,,,,,,narrower less robust skull,,,,,,,,,,,,,,,,,,,,,,,,,,,,,,,,,,,,,,,,,,"free of the dark streaking, blotches or suffusing",,,,,,,,,,,,,,,,,,,,,,,,,,,,,,,,,,,,,,,,,,,,,,,,,,,,,,,,,,,,,,,,,,,,,,,,,,,,,,,,,,,,,,,,,,,,,,,,,,,,,,,contact of the vomer and the pterygoids,,,,,
Myuchelys georgesi,,,,,,,,,,,,,,,,,,,,,,,,,,,,,,,,,,,,,,,,,,,,,,,,,,,,,,,,,,,,,,,,,,,,,,,,,,,,,,,,,,,,,,,,,,,,,,,,does not have a dark marking running down the centre of the throat or tail,,,,,,,,,,,,,,,,,,,,,,,,,,,,,,,,,,,,,,,,,,,,,,,,,,,,,,,,,,,,,,,,,,,,,,,,,,,,,,,,,,,,,,,,,,,,,,,,,,,,,,,,,,,,,,,,,,,,,,,,,,,,,,,,,,,,,,,marbled light plastron with a greenish blue tinge,,,,,,,,,,,,,,,,,,,,,,,,,moderately large,,,,,,,,,,,,,,,,absence of a central groove on the carapace,,,,,,,,,,,,pale (yellow in life) band of colour on the side of the head and neck,,,,,,,,,,,,,,,,,,,,,,,,,,,,,,,,,,,,,,,,,,,,,,,,,,,,,,,,,,,,,similar to elseya latisternum,similar to elseya purvisi,,,,,,,,,,,,,,,,,,,,,,,,,,,,,,,,,,,,,,,,,,,,,,,,,,,,,,,,,,,,,,,
Elseya irwini,,,,,,,,,,,distinct median,,,,,,,,,,,,,,,,,,two small white,,,,,,,,,,,,,,,,distinctly straight-edged,,,,,,,,,,,,,,,,,,,,,,,,,,,,,,,,,,,,,,,,,,,,,,,,,,,,,,,,very dark in mature specimens,,,,,,,,,,,,,,,,,,,,"pale, primitively white",,,,,,,,,,,,,,,,,,,,,,,,very broad and deep,,,,,,,,,,,,,,,,,,,,,,,,does not extend laterally,,,,,,,,,,,,,,,,,,,,,,,,,,,,darkens with age,,,,,,,,,,,,,,,,,,,,,,,,,,,,,,,,,very wide,,,,,,,,,,,,around 380 mm,,,,,,,,,,,,,,,,,,large and muscular,,,,,,,,,,,,,,,,,,,,,,,,,,,,,,,,,,,,,,,,,,,,,,,,,,,,,,,,,,,,not acutely tapered,,,,,,,,,,,,,,,,,,,,,males are much smaller than females,,,,,,larger and more heavy-bodied,,,,,,,,,,,,,,,,,,,,,,,,,,,,,,scattered enlarged conical,,,,,,,,,,,,unpatterned,,,,,,,,,,,,,,,,,,,,
Elseya schultzei,,,,,,,,,,,,,,,,,,,,,,,,,,,,,,,,,,,,,,,,,,,,,reduced adult size that rarely exceeds 148 mm in males and 165 mm in females,smooth bordered,,unifonnly light to dark olive-brown,,low gradually increasing,,,,,,,,,,lack of any definable pattern,,,,oval,,,,,,,,,,,,,,,,,,,,,,,,,,,,,,,,,,,,,,,,,,,,,,,,,,,typically green in the sclera with a bright gold iris,,,,,,,,,,,,,,,,,,,,,,,,,,,,,,,,,,,,,,,,"entire, extending down the parietal arches to broadly contact the tympanum",,,dark brown,greenish-gray to greenbrown,,narrower than in elseya novaeguineae but wider than in e. rhodini,,,,,,,,,,,,,,,,,,,,,,,,,,"relatively long, narrow",,,,,,,,,,uniformly bright greenish-yellow,,,,,,,,,,,,,,,,,,,,,,,,,,,,,,,,,,,,,,minimal to no marginal serrations,,,,,,,,,,,,,,,,,,,,,,,,,,,,,,,,,,,,,,,,,,,,,,,,,,,,,,,,,,,,,,,,,,,,,,,,,,,,,,,,,,,,,,,,,,,,,,,,,,,,,dark gray,,,,,,,,,,,relatively small species,,light to dark gray,,,,,,,,,,,,,,,,,,,,,,,,,,,,,,,,,,,,,,,,,,,,,,,,,,,no median keel,,,,,,no contact between the vomer and the pterygoids of the skull,,,
Emydura tanybaraga,,,,,,,,,,,,,,,,,,,,,,,,,,,,,,,,,,,,,,,,,,,,,,,,,,,,,,,,,,,,,,,,,,,,,,,,,,,,,,,,,,,,,,,,,,,dark markings through the eye and a median division to the palate in aged e. tanybaraga will further distinguish this turtle from similarly aged individuals of e. australis and e. victoriae,prominent dark markings through the iris as the level of the pupil,,,,,,,,,,,,,,,,,,,,,,,,,,"distinguishes this turtle from emydura australis, emydura victoriae and populations of emydura worrelli in the northern territory",facial coloration fades with age in all of these species,,,,,,,,,,,,,,,,,,,,,,,,,,,,,,,,,,,,,,,,,,,,,,,,,,,,,,,,,,,,,,,,,,,,,,,,,,,,,,,,,,,,,,,,large broad palate covers approximately half the roof of the mouth,,,,,,,,,,,,,,,,,,,,,,,,,,,,,,,,,,,,,,,maintains a medial division at all ages,,,,,,,,,,,,,,,,,,,,,,,,,,,,,,,,,,,,"e. tanybaraga and e. worrelli can have similar eye markings and palate shape until well into maturity, at this stage tanybaraga's palate becomes larger",,,,,,,,,,,,,,,,,,,,,,,,,,,,,,,,,,,,,,,,,,,,,,,,,,,,,,,,,,,,,,,,,,,,,,,,,,,,,,,,,,,,,,,,,,,,,,,,,,,,,,,,,,,,,,,,,,,,,,,,,,,,,yellow-faced,,
Elseya albagula,,,,,,,,,,,"very prominent, forming a complex with the equally prominent lingual ridge",,,,,,,blunt,,,"broad, not oval in outline",,,,,,,,,,,,,,,,,,,,,,,,with serrated margin,,,,,,,,,,,,,,,,,,,,,,,,,,,,,,,,,"absent, except as a rare variant",,,,,,,,,,,,,,,,,,,,,,,,,,,,,,,,,,,,,,,,,,,,,,approximately equal in their anterior extent in large individuals,,,,,,,,,,,,,,,,,,,,,,,,,,,,,,,deeply furrowed,,,,,,,,,,,,,,,,,,,,,,,,,,,,,,,,narrow,,,,,,,,,,,,,,,,,,,,,,,,,,,,,,,,"expanded such that, in older specimens, it obscures the foramen praepalatinum in ventral view",,,,,,,,,,,,,,,,,,,,,,,,,,,,,,,,,,,,,,,,,,,,,,,,,,,,,,,,,,,,,,,,,,,narrow,,,,,,,,,,,,,,,,,,,,,,,,,,,,,"articulates with the carapace posterior to the midline of pleural 5 or on the junction of pleurals 5 and 6, rarely on pleural 6 alone",,,,,,,,,,,,,,,,,,,,,,,,,most prominent in juveniles where serrations begin at the posterior edge of marginal 1,,,,,,,,,,,robust but narrows acutely across the pterygoids behind the processus pterygoideus ext ernus,,,,,,,,,,,,,,,,,,,,,,,,,,,,,,,,,,,,,,,,,,,,,,,,,,,,,,,,,,
Chelodina ipudinapi,,,,,,,,,up to 20% smaller,,,sharper and deeper u-shaped,,,,,,,,relatively shorter,,,,,,,,,,,,,,,,,,,,,,,,,,,,,,,,,,,,,,,,,,,,more evenly oval,,,,,,,,,,,,,,,,,,,,,,,,,,,,,,,,,,,,,,,,,,,,,,,,,,,,,"shorter, rounder",,,bright white to faded white,,,,,,,,,,,,,,,,,,,longer than or equal to the humeral - ig scute sulcus,,,,,,,,,,,,,,,,,,,,,,,,,,,,,,,,,,,,,,,,,,,,,,,,,,,,,,,,≥ iab sulcus length,,,,,,,,,,,,,,,,,,,,,,,,,,,,,,,,5-10% smaller than females,,,,,,,,,,,,,,,,,,,,,,,,,,,,,,,,,,,,,,,,,,,,,,,,,,,more numerous and smaller,,,,,,,,,,,,,,,,,,,,,,igsl> ian> ip≥ iab> if ≥ ig,,,,,,,,,,,,convexly contacts outwardly at m2 sulcus,,,,,,,,,,less,,,,,,,,,,,,,,,,,,,,,,,,,,,,,,,,,,,,,,,"large, smooth, unbroken",,,,,"relatively thicker, longer",,,,,,,,,,,,,,,,,,,,,,,,,,,,,,,,,,,,,,,,,,,
Elseya eidolon,,,,,,,,,,,,,5 enlarged scales,,,,,,,,,,,,,,,,,,,,,,,,,,,,,,,,,,,deep chestnut brown,,,,,,,,free of any defined markings or defined pattern,,,,,,,free of any defined dark markings or defined dark spots,strongly oval,,,,,,,,,,,,,,,,,,,,,,,,,,,,,,,,,,,,,,,,,,,,,,,,,,,,,,,,,,,,,,,,,,,,,,,,,,,,,,,,,,,,,,,,,,,"complete, smooth large brown and beige mottled",,,,,broadly reach the dorso-posterior tympanum,,,,,,,,,,,,,,,,,,,,,,,,,,,,,,,,,,,,,,,,,,,,,,,,,,,,,,,,,,,,,,,,,,,,,,,,,,,,,,,,,,,,,,,,,"low, discontinuous, narrow, dark",,,,,,,,,,,,,,,,,,,,,,,,upturned,,,,,,,,,,,,,,,,,,,,,,,,,,,,,,,pale creamy-yellow,,,,free of darker markings,,,,,,,,,,,,,,,,,,,,,,,,,,,,,,,,,,,,,,,,,,,,,,,,,,,,,,,,,,,,,,,,,,,,,,,,,,,,,,,,,,,,,,,,,,,,,,,,,,,,,
Mesoclemmys raniceps,,,,,,,,,,,,,,,,,,,,,,,,,,,,,,,,,,,,,,,,,,,,,,,,,,,,,,,,,,,,,,,,,,,,,,,,,,,,,,,,,,,,,,,,,,,,,,,,,,,,,,,,,,,,,,,,,,,,,,,,,,,,,,,,,,,,,,,,,,,,,,,,,,,,,,,,,,,,,,,,,,,,,,,,,,,,,,,,,,,,,,,,,,,,,,,,,,,,,,,,,,,,,,,,,,,,,,,,,,,,,,,,,,,,,,,,,,,,,,,,,,,,,,,,,,,not applicable,,,,,,,,,,,,,,,,,,,,,,,,,,,,,,,,,,,,,,,,,,,,,,,,,,,,,,,,,,,,,,,,,,,,,,,,,,,,,,,,,,,,,,,,,,,,,,,,,,,,,,,,,,,,,,,,,,,,,,,,,,,,,,,,,,,,,,,,,,,,,,,,,,,,,,,,,,,,,,
Emydura victoriae,,,,,,,,,,,,,,,,,,,,,,,,,,,,,,,,,,,regularly convex,,,,,,,,,,,,,,,,,,,,,,,,,,,,,,,,,,,,,,,,,,,,,,,,,,,,,,,,,,,,,,,,"victoria river, north-west coast of new holland",,,,,,,,,,,,,,,,,,,,,,,,rather broad,,,,,,,,,,,,broader,"much contracted by two rather diverging septa, only leaving a space almost half the width of the outer opening",,,,,,,,,,,,,,,,,,,,,,,,,,,,,,,,,,,,,,,,,,,,,,,,,,,,,,,,,,,,,,,,,,,,,,,,,,,,,,,,,,,,,,,,,,,,,,,,"rather narrow in front, broader and slightly bent upon the sides, dilated, rather produced, and leaving 2 or 3 notches the tail behind",,,,,,,,,,,,,,,,,,,,,opposite the suture between the costal plate,,,,,,,,,,,,,,,,,,,,,,,,,,,,,,,,,,,,,,,,very strong,,,,,,,,,,,,,,,,,,,,,,,,,,,,,,,,,,,,,,,,,,,,,,,,,"blackish brown marbled with grey and rather rugose above, beneath convex, yellow olive, with slight, impressed, narrow, netted grooves",,"ovate, convex",,,,,,,,,,,,,,"narrow; rather convex, shelving on the sides, and with a broad rounded notch behind","only about one third the width of the lower surface in the middle, and rather tapering behind",,,,,,,,,,,,narrow,,,,,,,,,,,,,,,,,,,,,,,,,sharply keeled within,,,"nearly square, as long as broad, the fourth 6-sided, elongate",,,,,,,,,,
Emydura australis,,,,,,,,,,,,,,,,,,,,,,,,,,,,,,,,,,,,,,narrow,,,,,,,,,,uniformly light to dark brown,,,,,,to 30 cm,,,,,,,smooth or slightly serrated,,,oval,,,,,,,,,much of the opening is uncovered,rugose with various longitudinal striations,,,,present,,,,,,,,,,,,,,,,,,,,,,,,,,,,,,,,,,,,,,,,,,,,,,,,,,,,"rounded anteriorly, broader than the posterior lobe",,,,,,,,,,,,,,"very broad, extends backward beyond the maxillae covering over half of the roof of the mouth",,,,,,,,,,broad,,,,,,,,,,,,,,,,,,,,,,,,,,,,,,,,,,less than twice as long as broad,,,,,,,,,,,,,,,,,,,,,,,,,,,,,,,,,,,,,,,,,,,,,,,,,,,,,,,,,,,,"present, best developed in the male, but becomes lower with age",,,,,,,,,,,,,,,,,,,,absent,,,,,,,,,,,,,,,,,,,,,,,,,,,,,pect > fem > abd > an > intergul > gul > hum,,,,,cream to yellow,,,,,long,,narrow,,,,,,,,,,,,,,,,,,,,,,,,,,,,,,,,,,,,,,,,,,,,,,,slightly projecting,,,,,,,,,,,,,,,,,,,,,,,,,,unnotched,,,,,,,,,,broader than long,,,"broader than long, expanded posteriorly",,,,,,,,as long as or longer than broad in adults,,,,,,
Chelodina expansa,,,"largest, anteriorly flared","elongated, may be longer than broad",,"smallest, broader than long","broader than long, posteriorly flared",,,,,,,,,,,,,,,,,,,,,,,,,,,,,narrow,,,,,,,,,,,,,,,,,,48 cm,,,,,,,smooth,,,oval,,,,,,,,,,,,,,,,,,,two to four,,,,,,,,,,,,,,,,,,,,,,,,,,,,,,,,,,,,,,,,,,,,,,,,,"rounded, broader than hind lobe",,,,,,,,,,,,,,,,,,,,,,"broad, flattened",,,,,,,,,,,"tapers toward the rear, deep anal notch",,,,,,,,,,,,,,,,,,,,"never divides the gular scutes, 1.5 times as long as the length of the interpectoral seam",,,,,,,,,,,,,,,,,,,,,,,,,,,,not up-turned,,,,,,,,,,,,,,,,,,,,,,,,,,,,,,,,,,,absent,,,,,,,,,,,,,,,,over 65% of the carapace length,,,thick,absent,,,,,,,,,,,,,,,,,,,,,,,,,,,,,intergul>pect>abd>fem>an>hum>gul,,,,"narrow, twice as long as wide",gray to cream or yellow,,,,,,,,,,,,,,,,,,,,,,,,,,,,,,,,,,,,,,,,,,,,,,,,,,,,,,"slightly upturned, protruding",,,,,,,,,,,,,,,,,,,,,,,,,unnotched,,,,,,,,,,,,,,,,,,,,,variable,,,,,,,
Chelodina steindachneri,,,"slightly flared anteriorly, largest",,,,flared posteriorly,,,,,,,,,,,,,,,,,,,,,,,,,,,,,,,,,,,,,,,,,,,,,,,to 21 cm,,,,,,,,,,"flattened, almost round",,,,,,varies from light to dark brown,,,,,,,,,,,,,,,,,,,,,,,,,,,,,,gray to olive,,,,,,,,,,,,,laterally placed,,,,,,,,,,,,,,,,,,three enlarged transverse scales on the anterior surface,,broader than the hind lobe,,,,,,,,,,,,,,,,,,,,,"small, protruding snout",,,,,,,,,,,,wide posterior notch is present,,,,,,,,,,,,,,,,,,,,,,,,,,,,,,,,,,,,,,,,,,,,,,,not up-turned; those over the tail not raised,,,,,,,,,,,,,,,,,,,,,,,,,,,,,,,,,,on the 2d to 4th vertebrals,,,,,,,,,,,,,,,,,comparatively short and thin,,"small, granular, reticulated, wrinkled",,no neural bones in the carapace,,,,,,,,,,,,,,,,,,,,,,,,,,,,,intergul > an > fem > hum > pect >< abd> gul,,,,,,,yellow with black seam borders,,,,,narrow,,,,,,,,,,,,,,,,,,,,,,,,,,,,,,,,,,,,,,,,,,,,,,,,,,,,,,,,,,,,,,,,,,,,,,,,,unnotched,,,,,,cream colored,,,,,,,,,,,,,all vertebrals are broader than long,,,,,,,,
