species,1st and 4th vertebrals,1st and 5th vertebrals,1st vertebral,2d to 4th vertebrals,2d vertebral shape,2nd neural bone,4th vertebral covering,4th-6th neural bones,5th vertebral,6th vertebral,adult carapace color,adult size,adult vertebrals,aged adult carapace and plastron color,anal notch,anal notch shape,anal notch width,anal scute notching,anal scutes,anterior and lateral marginal shape,anterior border of the 4th,anterior lobe length,anterior marginals,anterior part of head,axillary and inguinal buttresses,axillary and inguinal scutes,axillary and inguinal scutes presence,axillary and marginal scutes,axillary attachment,axillary buttress,axillary buttress attachment,axillary buttresses,axillary buttresses attachment,axillary length,axillary scute presence,axillary scutes,batagur kachuga,black bridge,black ovoid shape,bony buttresses presence,border color,bridge,bridge and plastron color,bridge color,bridge dark bar,bridge length,bridge scutes,bridge width,bridges,brown bridge,brownish-red blotch,buttress strength,buttresses,carapace,carapace arching,carapace border,carapace color,carapace color comparison,carapace dorsal surface,carapace features,carapace ground color,carapace height,carapace keel,carapace keels,carapace lateral marginals,carapace length,carapace marginal scutes,carapace pattern,carapace posterior,carapace posterior marginals,carapace posterior serration,carapace rim and keels color,carapace scutes,carapace serration,carapace shape,carapace shape (juveniles),carapace size,carapace texture,carapace widest point,carapace width,carapacial color,carapacial ground color,carapacial scute surface,carapacial scutes,carotid canal,central blotch,cervical scute,cervical scute shape,cervical scute size,chin,chin and throat color,chin color,choanae,choanæ,claw length,cloacal bursae,color,colouration and pattern of shell,comparison with diagnostic characters,costal scutes,costals,crown color,dark color,dark-brown to olive stripe,differential diagnosis,dorsal markings,dorsal shape,dorsal surface color,dorsolateral keel development,ear,elliptical carapace,entoplastron,entoplastron location,epipterygoid extension,ethmoid fissure,ethmoid fissure shape,ethmoidalis fissure,exoccipital,exposed limb surfaces,eye,eyelid pigment,facial markings,facial stripes,female carapacial pattern,female characteristics,female m. macrocephala,female plastron,femoral mid-seam length,fifth vertebral,first four vertebrals,fore lobe,forearm scales,foreclaw size,forefoot scale size,forefoot webbing,foreleg scalation,foreleg scales,forelimb scale shape,forelimb webbing,forelobe,forelobe size,four distinct ocelli,frontal bone,frontal bones,growth annuli,hatchling,hatchling central figure,hatchling diagnostic similarity,hatchling head and neck color,hatchling head and neck stripes,hatchling ocellate pattern,hatchling plastron color,hatchling shell color,hatchling throat color,hatchling throat pattern,head,head and neck color,head and neck stripes,head color,head crown color,head crown color comparison,head features,head markings,head shape,head size,head skin,head stripe color,head stripe presence,head surface,heel color,hexagonal neurals,hind leg shape,hind limb shape,hind lobe,hind lobe closure,hind lobe length,hind lobe shape,hind lobe size,hind lobe width,hind marginals,hindfoot heel scale size,hindfoot webbing,humero-pectoral seam,humero-pectoral seam angle,inferior parietal process,infraorbital stripe,infraorbital stripe extension,infraorbital stripe length,infraorbital stripe shape,infraorbital stripes,ingual scute size,inguinal buttress,inguinal buttress attachment,inguinal buttresses,inguinal extension,inguinal length,inguinal scute length,inguinal scute presence,inguinal scute size,inguinal scutes,inguinals,interanal seam,intergular seam,iris color,jaw and chin color,jaw color,jaw serration,juvenile coloration,juvenile dorsal keel development,juvenile dorsal keels,juvenile keels,juvenile scute pattern,keel,keel color,keel development,keel height,keel location,keel presence,keel shape,keels,knob color,lateral edges of the jaws,lateral keel,lateral keel length,lateral keels,lateral marginals,lateral plastral margins,lateral stripes,light seams,limb and tail color,limb color,limb scales,limb sockets and undersides of the limbs,limb webbing,limbs,limbs and soft parts,limbs and tail,loreal stripe,lower 2/3 to 3/4 of the pleurals,lower edge of the upper jaw,lower marginal scutes,lower triturating surface,m. m. kami,male carapacial pattern,male characteristics,male femoral scutes,male m. macrocephala,male plastron,male plastron shape,male tail,male tail length,marginal border,marginal color,marginal scutes,marginal shape,marginal stripe,marginals,margins,maximum size,medial carapacial keel,medial keel,medial keel length,medial keel shape,medial stripe,medial vertebral keel development,median keel,mottled spots,mouth color,mouth-to-neck stripe,nasal stripes,neck,neck color,"neck, limbs, and tail","neck, limbs, and tail color",neural bone shape,neural bones,neural bones length,neural bones shape,neural elongation,neural length,neurals,nostrils,notch above tail,nuchal,number of keels,number of longitudinal keels,orbit,orbital border,orbital stripe,orbito-nasal foramen,orbito-nasal foramen location,orbito-nasal foramen shape,palate and tongue color,palate color,pale streak,pangshura sylhetensis,parietal blotches,plastral buttresses,plastral color,plastral formula,plastral hinge,plastral hinges,plastral pattern,plastron,plastron and bridge color,plastron anterior lobe,plastron anterior lobe shape,plastron attachment,plastron bridge presence,plastron bridges,plastron color,plastron development,plastron formula,plastron hinge,plastron lacking,plastron length,plastron notch,plastron notching,plastron pattern,plastron posterior lobe,plastron posterior lobe shape,plastron presence,plastron shape,plastron size,plastron suturation,plastron width,"plastron, bridge, and undersides of the marginals color","plastron, bridges, and undersides of the marginals color",pleural 4 size,pleurals,"pointed, projecting corner (marginal scutes)",posterior anal notch,posterior border,posterior border of the anals,posterior carapace,posterior carapacial marginals,posterior dorsal head skin,posterior head skin,posterior lobe length,posterior lobe shape,posterior margin,posterior margin of the carapace,posterior marginal rim,posterior marginal serration,posterior marginals,posterior medial keels,posterior neural bones,posterior notch,posterior part of carapace,posterior part of head and temporal region,posterior plastral notch,posterior projections,posterior rim,posterior rim serration,posteriormost marginals,postlagenar hiatus,postlagenar hiatus shape,postorbital,ray pattern,recognition,round spot,scl,scute blotch,scute markings,scutes,seam between anal scutes,seam between vertebrals 3 and 4,seam length,sexual dichromatism,sexual dimorphism,shell elongation,shell shape,skin color,skull,skull features,skull postorbital bone,skull squamosal bone presence,skull temporal arch,snout,snout length,snout shape,snout spot,soft parts,spikelike posterior projection,spine at the posterior margin of each pleural scute,spinelike posterior projection,spinelike projection (juveniles),squamosal,squamosal bones position,squamosals,stripes,stripes or light spots,subocular stripe,subspecies,subspecies separation,supracaudal marginals,supracaudal plates,supraocular stripe,supraorbital stripe,tail,tail color,tail features,tail length,temporal arch,temporal blotches,temporal region color,temporal stripe,throat color,throat pattern,toes,toes webbing,tongue color,toothlike projection presence,triturating surface,triturating surface of upper jaw,triturating surfaces,triturating surfaces of the jaws,tympanic ring,underside of the head and neck,undersides of the marginals,upper jaw,upper jaw color,upper jaw medial notch,upper jaw notch,upper jaw profile,upper jaw shape,upper surfaces of the marginals,vent location,vertebral 1,vertebral 1 shape,"vertebral 1, 2, and 5","vertebral 1, 2, and 5 size","vertebral 1, 3, and 4",vertebral 1-3,vertebral 2,vertebral 2 and 5,vertebral 2 shape,vertebral 2 size,vertebral 2-4,vertebral 2-4 shape,vertebral 3,vertebral 3 and 4,vertebral 3 and 4 size,vertebral 3 shape,vertebral 3-5 shape,vertebral 4,vertebral 4 shape,vertebral 4 size,vertebral 5,vertebral 5 shape,vertebral and pleural scute color,vertebral keel,vertebral projection,vertebral scute,vertebral scute shape,vertebral scute size,vertebral scutes,vertebral shape,vertebral shields,vertebral size,vertebrals,vertebrals 1 and 5,vertebrals 2-4,vertebrals 2-5,vertebrals shape,webbing,yellow band,yellow bridge,yellow line,yellow or orange bands,yellow orange stripes,yellow plastron,yellow seam lines,yellow stripes,yellow to cream-colored stripe,yellowish orange stripes,yellowish pigment,yellowish seam,yellowish stripe,young,young adult carapace and plastron color,young individual markings
Rhinoclemmys rubida,,,,,,,,,,,,230 mm,,,,,,,,,,,,,,,,,,,,,,,,,,,,,,,,,,,,,,,,,,,,,yellowish brown with dark seams and dark mottling on each scute to unicolor chocolate,,,,,,,,,,light brown without dark mottlings,,,,,,,,flattened to slightly domed,,,rugose owing to growth rings,,,,,,,,,,,,,,,,,,,,,,,,,,,,,,,,,,,,,,,,,,,,"light stripe between the orbit and the tympanum, corner of the mouth to the tympanum",,,"fat plastrons, shorter tails, vent beneath the carapace",,,,,,,,,,,,large yellow or reddish black spotted,,,,,,,,,,,,,,,,,,,,,,,,,,"highly variable, broad horseshoe-shaped light mark on the crown, light bars across the snout","moderate-sized, projecting snout, hooked upper jaw",,,,,,,,,,,,,,,,,,,,,,,,,,,,,,,,,,,,,,,,,yellow with small dark vermiculations or stipples,,,,,,,,,,,,,,,,,,,,,,,,,,,,,,,,,,,,,,,,"concave plastrons, longer tails, vent beyond the carapacial margin",,,,,,,,,,,,,,,,,,,,,,,,,,,,,,,,,,,,,,,,,,,,,,,,,,,,,,,,,,,,,,,,,,"yellow with a brown central blotch, and a brown bridge",,,,,,,,,,,,"unhinged, slightly upturned anteriorly, and notched posteriorly",,,,,,,,,,,,,,,,,,,,,,,,,,,,,,,,,,,,,,,,,,,,,,,no apparent difference between the sexes,,,olive-gray to yellow,,,,,,,,,,,,,,,,,,,,,,,,,,,,,,,,,,,,,,,,,,,,,,,,,,,,,,,,,,,,,,,,,,,,,,,,,,,,,,yellow with a brown central blotch,,,,,,,,,,,,,,,not or only slightly webbed,,,,,,,,,,,,,,,,
Heosemys spinosa,,,,,,,,,,,,,,,,,,,,,,,,,,,,,,,,,,,,,,,,,,,,,,,,,,,,,,,,,,,,,,,,medial and two lateral keels,,,,,,,,,,,flattened across the vertebrals,"broad, oval",to 22 cm,,,,,,,,,,,,,,,,,,,present,,,,,,,,,,,,,,,,usually crossed by the humero-pectoral seam,,,broadly oval,,,,,,,,,,,,,,,,,,,,,,,,,,,,,,,,,,,,,,,,,,,,,,,,,,,,,,,,,,,,,,,,,,,,,,not flared outward,,,,,,,,,,,,,,,,,,,,,,,,,,,,,,,,,,,,,,,,,,,,,,,,,,,,,,,,,,,,,,,,,,,,,,,,,,,,,,,,,,,,,,,,,,,,,,,,six-sided and shortest posteriorly,,,,,,,,,posteriorly placed at a level with the primitive caroticum foramen and bordered medially by the basisphenoid,,,,,,,,,,,,,,"rigid, well buttressed, and generally hingeless",,,,,,,,,,,,,,,,,,,,,,,,,,,making the entire outer rim of the carapace spiny,,,,,,,,,,,serrated,,,,,,,,,,,,,,round,,,,smaller individuals are like walking pin cushions,,,,,,,,,,,,,,,,,,,,,,,,,small,,occurs on the keel at the posterior border of each vertebral,,,,,,,,,,,,,,,,,absent from the short skull,,,,,,,,,,,,,narrow and ridgeless,,,,,,,,,,,,,,,,,,,,,,,,,,,,,,,,,,,,,,,,,,,,,,,,,,,,,,,,,,,,,,,,,
Melanochelys trijuga,,,,,,,,,,,,,,,,,,,,,,,,,,,,,,,,,,,,,,,,,,,,,,about as long as the posterior plastral lobe,,,,,,,,,,,,,,,,,,three,slightly upturned,to 38.3 cm,,,,not serrated (or slightly so in juveniles),,,,,"elongated, slightly depressed",,,,,,,reddish brown to dark brown or black,,,,,,,,,,,,,,,,,,,,,,,,,,,,,,,,,,,,,,,,,,,,,,,,,,,,,,,large,,,,,,,,,,,,,,,,,,,,,,"brown to black, may contain orange or yellow spots or reticulations, or a large yellow or cream-colored blotch at the temporal region",,,,,short snout and medially notched upper jaw,moderate,,,,,,,,,,,,,,,,,,,,,,,,,,,,,,,,short,,,,,,,,,,,,,,,,,,,,,,,,,,,,,,,,,gray to dark brown or black,,,,,,,,,,,,,,,,,,,,,,,,,,,,,,,,,,,,,,,,,,,,,,,,,,,,,,,,,,,,,,,,,,,,,,abd>< pect > fem >< an > gul >< hum,,,,,,,,,,,"dark brown or black, or yellow border",well developed,,,,elongated,,,,,,,,,,,,,,,,,,,,,,,,,,,,,,,,,,,,,,,,,,,,,,,,,,,,,,,,,,,,,,,,,,,,,,,,,,,,,,,,,,,,,,,longer and thicker in males than in females,,,,,,,,"fully webbed to the claws, or nearly so",,,,,,,,,,,,,,,,,,,,,,,,,,,,,,,,,,,,,,,,,,,,,,variable in width and length,,,,,,,,,,,,,,,,,,,,,,,,,
Morenia ocellata,,,,,,,,,,,,,,,,,,,,,,,,,,,,,,,,,,,,,,,,,,,,,,,,,,,,,,slightly depressed,,,,,,,,,,,,,,,,,,,,,,,,,,,,,,,lies entirely within the pterygoid bone,,broader than long,,,,,,lie at the level of the posterior orbital rim,,,,,,,,,,,,,,,,,,,lies anterior to the humero-pectoral suture,,,,,,supported by an extension of the opisthotic and drops behind the paracapsular sac,,,,,,,,,,,,,,,,,,,,,,,,,,touch beneath the olfactory nerves posterior to the ethmoid fissure,,,,,,,,,,,,,,,,,,,,,,,,,,,shortened anteriorly,,,,,,,,,,,,,,,,,,,,,,,,,,,,,,,,,,,,,,,,,,,,,,,,,,,serrated,,,,,,,,,,,,,,,,,,,,ridgeless,,,,,,,,,,,,,,,,,,,more pronounced in the young,,,,,,,,,,,,,,,,,,,,,,,,,,,separated from the prefrontal and postorbital bones,,,,,,,,,,,,,,,,"well developed, but hingeless",,,,,,,,,,,,,,,,,,,,,,,,,,,,,,,,,,,,,,,,,,,,,,,,,,,,,,,,,,,,,,,,,,,,,,,,,,,,,,,,,,,,firmly in contact with the postorbital,,,,,,,,,,,,,,,,,,,,,,,,,,very wide and has a well-defined tubercular medial ridge,,,,,,,medially notched,,,,,,,,,,,,,,,,,,,,,,,,,,,,,,,,,,,,,,,,,as long as or longer than broad,broader than long,,,,,,,,,,,,,,,,,,,
Cuora philippinensis,,,,,,,,,,,,,,,,,,,unnotched in female and notched in male,,,,,,,,,,,,,,,,,,,,,,,,,,,,,,,,,,,"rather flattened, chestnut brown",,,brown,,,,,,,,,,,,,,,,,,low- to moderately high-domed,,,,,,,,,,,,,,,cream white,,,,,,,,,,,,,,,description of characteristics used to distinguish the species from others in the same genus,,,,,,,,,,,,,,,,,,,,,,,,,,,,,,,,,,,,,,,,,,,,,,,,,,,"faded, olive-colored",,,,,,,,,,,,,,,,,,,,,,,,slightly serrated,,,,,,,,,,,,,,,,,,,,"well-developed, nearly as wide as long",well-developed,,,,,,,dark central pattern and pale orange plastron,,,,,,,,,,,,,,,,,,,,,,,,,,,,greyish without pattern,,"weakly visible, temporal stripe interrupted and not connecting to the tympanum patch",,,,,,,,,,,,,,,,,,,,,,,well-developed,,,,,,,,,,,,,,,,,,,,,,well-developed,,,,,,,,,,,,,,,,,,,,"variable, extending from central posterior part of scute towards anterior part","yellow, with a black blotch of varying size on each scute and a faded brown central pattern present",,,,,,,,,,,,,,,,,,,,,,,,,,,,,,,,,,,,,,,,,,,,,,,,,,,,,,,,,,147.2 cm,,,"iron-stained, tricarinate",,,,,,,,,,,,,,,,,,,,,,,,,,,,faded in some portions,,,,,interrupted,,,,,35 – 40% scl,,,,,,,,,,,,,,,,,,,,,,,,,,,,,,,,,,,,,,,,,,,,,,,,,,,,,,,,,,,,,,,,,,,,,,,,,,,,,,,
Cuora praschagi,,,,,,,,,,,,,,,,,,,,,,,,,,,,,,,,,,,,,,,beneath the tympanum,,,,,,,,,,,,,,,high-domed,,,,,,,,,,,,,,,,,,,,,,,,,,,,,,,,,,,,yellow orange,,,,,,,,,,orange patches,,,,,,,abrupt posterior decline,,,,,,,,,,,,,,,,,,,,flat,,,,,,,,,,,,,,,,,,,,,,,,,,,,,more massively developed in male,,,,,,,,,,,,,,,,,,,,,,,,,,,,,,,,,,,,,,,,,,,,,weakly developed,,,,,,,,,,,,,,,,,,,,,,,,,,,,,,,,,,black,,,,,,,,,,,,,concave,,,,,,brownish pattern,,,,,,,yellowish to orange-brown stripe,,,,,,,,,,,,,,,,,,,,,,,,,,,,,,,,,,,,,,,,,,,yellow orange,,,,,,,,,,,,,,,,,,,,,,,,,,,,,,,,,,,,,,,,,,,,,,,,,,,,,,,,,,8.1 cm,,,,,,,,,,,,,,,,,,,,,,,,,,,,,,,,,,,,same width as subocular stripe,,,,,20 – 25% scl,,,,widest,,,,,,,,,,,,,,,,,,,,,,,,,,,,,,,,,,,,,,,,,,,,,,,,,,,,,,2 – 4,,,,,,,,,,reticulations,,,,,uninterrupted,,encircles,between labial and subocular stripes,,,
Cuora aurocapitata,,,,,,,,,,,,,,,,,,,,,,,,,,,,,,,,,,,,,,,,,,,,,,,,,,,,,,,,,uniform dark brown,,,,,,,,,not exceed 120 mm,,,,,,,,,"rather flat, without posterior serration",,,,,,,,,,,,,,,,,,,,,,,,,,,,,,,,,,,,,,,,,,,,,,,,,,,,,,,,,strikingly enlarged,,,,,,,,,,,,,,,,,,,,,,,,,,,"black or grayish below and on the neck, with light areas on the mandibles and the sides and with a brilliant yellow shield or helmet on top",,,,,pointed,medium,,,,,,,,,,,,,,,,,,,,,,,,,,,,,,,,,,,,,,,,,,,,,,,,,,,,,,,,,,,,,,,,,,,,,,,,,,,,,,,,,,,,,,,,,,,,,,,,,,,,,,,,,,,,,,,,,,,,,,,,,,,,,,,,,,,,,,,,well developed and fully mobile,,,,,,,,,,yellow,,,,,,,,,,,,lacking an anal notch,,,,,,,,,,,,,,,,,,,,,,,,,,,,,,,,,,,,,,,,,,,,,,,,,,,,,,,,,,,,,,,,,,,,,,,,,,,,,,,,,,,,,,,,,,,,,,,,,,,,,,,,,,,,,,,,,,,,,,,,,,,,,,,,,,,,,,,,,,,,,,,,,,,,,,,,,,,,,,,
Mauremys mutica,,,,,,,,,,,,,,,,,,,,,,,,,,,,,,,,,,,,,,,,,,,,,,,,,"orange, marked with two prominent black blotches",,,,,,,,,,,,,,,,,,,,,,,,,,,,,,,,,,,,,,,,,,,,,,,,brown to grayish,,,,,,,,,,,,,,,,,,,,,,,,,,,,,,,,,,,,,,,,,,,,,,,,,,,,,,,,,,,"medium size, grayish to brown-black in color",,,,,,,,,,,,,,,,,,,,,,,,,,,,,,,,,,,,,,,,,,,,,,,,,,,,,,,,,,,,,,,,,,,,,disappear with age,,,,,,,,,,"grayish to olive above, yellowish below",,,,,faded yellow color,,,"lighter brown carapace, smaller plastral blotches, indistinct (or absent) postorbital stripe, and unusual sexual dimorphism",,,,,,,,,,,,,,,"somewhat recurved in old individuals, and the posterior ones may be slightly serrated",,,,,,,,weak,,,,,,,,,,,,,,,,,,,,,,,,,,,,,,,,,,,,,,"orange-yellow, with a black spot along the border of each scute",,,,,,,,,,,,,,,,,,,,,,,,,,,,,,,,,,,,,,,,,,,,,,,,,,,,,,,,,,,,,,,,,,,,,,,,,,,"short, almost truncated",,,,,,,,,,,,,,,"two subspecies: the nominal race, m. m. mutica, and m. m. kami",,,,,,significantly longer and thicker in males than in females,,,,,,,,,,,,,,,,,,,faded yellow color,,,,,,,,,,,,,,,,,,,,,,,,,,,,,,,,,,,,,,,,,,,,,,,,"extends from the snout, traverses the eyes, and ends at the base of the neck",,,,,,,,,,,,,"three keels, light spots on the carapace",,
Mauremys sinensis,,,,,,,,,,,,,,,present,,,,,,,,,,,,,,,,,,,,,,,,,,,,,,,,,,,,,,,,,,,,,,,highest between the second and third vertebrals,,,,,,,,,,,often show clear annual growth rings,lightly serrated posteriorly,,,,,,,,,,,,,,,,,,,,,,,reddish brown to black,,,,,,,,,,,,,,,,,,,,,,,,,,,,,,,,,,,,,,,,,,,,,,,,,,,,,,,,,,,,,,"olive on top, and yellow below",,,,,narrow,,,,,,,,,,,,,,,,,,,,,,,,,,,,,,,,,,,,,,,,pale green,,,,,smooth out or disappear in adults,three,,,,,,,,,,,,,,,,,,,,,"olive, with numerous very fine yellow stripes","large scales on forelimbs, small, flat scales on the remainder of each limb",,fully webbed,,,,,,,,,,,,,,,,,,,,,,,,,,,,,,,,,,,,,,,,,,,,,,,,,,,,,,,,,,,,,,,,,,,,none,,,,,,,,well developed,,,,,,,,,,,,,,large,,,,"yellow, with a brown to black blotch",,,,,,,,,,,,,,,,,,,,,,,,,,,,,,,"fine, very straight yellow and black rays",,,,,,,,,,,,,"elliptical, slightly flattened toward the back",,,,,,,,,slightly pointed,,,,,,,,,,,,,,,,,,,,,,,,,,,,,,,,,,,,,,,,,white or cream,,,,,,,,,,,,,,,,,,,,,,,,,,,,,,,,,,,,,,,,,,,,,,,,following the original keel lines,,,present in the young,,,,,,,,,
Batagur affinis,,,,,,,,,,,,,,,,,,,,,,,,,,,,,,,,,,,,,,,,,,,,,,,,,,,,,,,,,,,,,,,,,,,,,,,,,,,,,,,,,,,,,,,,,,,,,,,,,,,,,,,,,,,,,,,,,,,,,,,,,,,,,,,,,,,,,,,,,,,,,,,,,,,,,,,,,,,,,,,"chocolate brown to almost black, rusty brown to reddish",,,,,elongated,,,,,,,,,,,,,,,,,,,,,,,,,,,,,,,,,,,,,,,,golden or bright yellow,,,,,,,,,,,,,,,,,,,,,,,,,,,,,,,,,,,,,,,,,,,,,,,,,,distally yellow,,,,,,,,,,,,,,edges of mouth orange,,,,,,,,,,,,,,,,,,,,,,,,,,,,,conspicuous whitish grey to silvery,,,,,,,,,,,,,,,,,,,,,,,,,,,,,,,,,,,,,,,,,,,,,,,,,,,,,,,,,,,,,,,,,,,,,,,,,,,,,,,,,,,,upturned,,,,,,,,,,,,,,,,,,,,,,,,conspicuous whitish grey to silvery,,,,,,,,,,,,,,,,,,,,,,,,,,,,,,,,,,,,,,,,,,,,,,,,,,,,,,,,,,,,,,,,,,,,,,,,,,,,,
Cuora galbinifrons,,,wide anteriorly and overall is as long as or a little longer than wide,as broad as or broader than long,,,,,much broader posteriorly than anteriorly,,,,,,,,,,,,,,,,short,,,,,,,,,,,,,,,,,,,,,,,,,,,,,"high domed, widest just behind the middle, and smooth bordered",,,,,,,,,,,,,,,,,,,,,,,,,,,,,,,,,,,,,,,,,,,,,,,,,,covers the rest of the vertebrals and upper portions of the pleurals,,,,,,,,,,,,,,,,,,,,,,,,,,,,,,,,,,,,,,,,,,,,,,,,,,,,,,,,,,,,,,,,,,,,,,,,,,,,,,,,,,,,,,,,,,,,,,,,,,,,,,,,,,,,,,,,,,,,,,,,,,downturned,,,,,,,,,,,,,"usually plain white, cream, or yellow",,,,,,,,,,,,,,,,,,,,,,,,,,,,,,,,,,,,,,,,,,,,,,,,,,,,,,,,,,,,,abd > an > pect > gul > fem > hum,,,,large and can completely close,,,,,,,"dark brown or black, but some yellow pigment may occur along the seam connecting the carapace and plastron, and the undersides of each marginal may bear yellow spot or border",,,,,,,,,,,,,,,,,,,wider than their corresponding vertebrals,,,,rounded and unnotched,,,,,,,,,,,,,,,,,,,,,,,,,,,,,,,,,,,,,,,,,,,,,,,,,,,,,,,,,,,,,,,,,,,,,,,,,,,,,,,,,,,,,,,,,,,,,brown to olive with lighter mottlings,,,,,,,,,,,,,,,,,,,,,,,,,present in juveniles but disappears entirely in adults,,,,,,,,,,,,,,,,,,,,,,,runs the length of the vertebrals,,,,,,,
Malayemys khoratensis,,,,,,,,,,,,,,,,,,,,,,,,,,,,,,,,,,,,,,,,,,,,,,,,,,,,,,,,,"tricarinate, blackish-brown",,,,,,,,,below 20 cm,,,,,,,,,straight,,,,,,,,,,,,,,,,,,,,,,,,,,,,,,,,,,,,,,,,,,,,,,,,distinct yellowish,,,,,,,,,,,,,,,,,,,,,,,,,,,,,,,,,,,,blackish-brown,,,,,,,,,,,,,,,,,,,,,,,,,,,"thin, often discontinuous, never reaches the loreal seam",,,"not or rarely reaching the loreal seam, not broadened at the suture","slightly curved below of tyrosine (t) at positions 111, 387, 388,615, 616 of the 1078-bp-long reference alignment of the cyt b gene",,,,,,,,,,,,,,,,,,,,,,,,,,,,,,,,,,,,,,,,,,,,,,,,,,,8–12 with a pattern of diagonal to cone-shaped blackish brown blotches originating from the outer posterior corner,,,,,,,,,,,,,,,,,,,,,,,,,,,,,only two,,,,,,,,,,,,,,,,,,,,,,,,,,,,,,,,,,,,,,,,,,,,,,,,,,,,,,,,,,,,,,,,,,,,,,,,,,,,,,,,,,,,,,,,,,,,,,,,,,,,,,,,,,,,,,,,,,,,,,,,,,absence,,,,,,,uninterrupted,,,,,,,,,,,,,,,,,,,,,,,,,,,,,,,,,,,,,,,,,,,,,,,,,,,,,,,first vertebral scute roughly square and not tapered posteriorly,,,,,,,,,,,,,,,,,,,,,,,,,,,,
Cuora mccordi,,,,,,,,,,,,,,,,,,,,,,,,,,,,,,,,,,,,,,,,,,,,,,,,,,,,,,,,,,,,,,,,,,,,,,,,,,,domed,,,,,,"reddish brown with dark seams, a dark wedgelike mark on each marginal, and a yellow border",,,,,,,longer than broad,,,,,,,,,,,,,,,,,,,,,,,to 13.4 cm,,,,,,,,,,,,,,,,,,,,,,,,,,,,,,,,,,,,,,,,,,,,,,,,,,,,,,,,,,,,,,,,,,,,,,,,,,,,,,,,,,,,,,,,,,,complete,,,,,,,,,,,,,,,,,,,,,,,,,,,,,,,,,,,,,,,,,,,,,,,,,,,,,"flared anteriorly and posteriorly, laterally somewhat downturned with reverted rims, and only slightly serrated posteriorly",,,,,most pronounced on vertebrals 2-4,"low, blunt",,,,,,,,,,,,,,,,,,,,,,,,,,,,,,,,,,,,,,yellow with an extensive medial black mark and two black blotches on the yellow bridge,,,,,shallow anal notch,,,,,,,,,,,,,,,,,,,,,,,,,,,,,,,,,,,,,,,,,,,,,,,,,,,,,,,,,,,,,,,,,,,,,,,,,,,,,,,yellow to orange,,,,,,,,,,,,,,,,,,,,,,,,,,,,,,,,,,,,,yellow,,,,,,,,,extending laterally no farther than the seam separating marginals 1-2,flared anteriorly,,,,,,,longer than wide,,,,,,,,broader than long,,,,,flared,,,,,,,,,,,,,,,,,,,,,,large medial black pattern,,,,,,,,,,
Cyclemys fusca,,,,,,,,,,,,,,,,,,,,,,,,,,,,,,,,,,,,,,,,,,,,,,,,,,,,,,,,,,,,,,,,,,,,,,,,,,,,,,,,,,,,,,,,,,,,,,,,,,,see table 3 in fritz et al. 2009,,,,dark coloured,,,,,,,,,,,,,,,,,,,,,,,,,,,,,,,,,,,,,,,,,,,unknown,,,,,,,,,,,,,light crown of the head in life with distinct greenish-yellow tinge,,,,,,,,,,,,,,,,,,,,,,,,,,,,,,,,,,,,,,,,,,,,,,,,,,,,,,,,,,,,,,,,,,,,,,,,,,,,,,,,,,,,,,,,,,,,,,,,,,,,see table 3 in fritz et al. 2009,,,,,,,,,,,,,,,,,,,,,,,,,,,,,,,,,,,grey,,,,,,,,,,,,,,,,,,,,,,,,,,,,,,,,,,,,,,,,,,,,,,,,,,,,,,,,,,,,,,,,,,,,,,,,,,,,,,,,,,,,,,,,,,,,,,,,,,,,,,,,,,,,,,,,,,,,,,grey,,,,,,,,,,,,,,,,,,,,,,,,,,,,,,,,,,,,,,,,,,,,,,,,,,,,,,,,,,,,,,,,,,,,,,
Cyclemys oldhamii,,,,,,,,,,,,,,,,,,,,,,,,,,,,,,,,,,,,,,,,,,,,,,,,,,,,,,,,,,,,,,,,,,,,,,,,,,,rectangular,,,,,,,,,,,,,,,,,,,,,,,,,,,light brown,,,,,,,,,,,,,,,,,,,,,,,,,,,,,,,,,,,,,,,,,,,,,extensive dark,,,distinctive,submarginal seams,brownish,,dark,,,,"absent in adults from the western part of the range, present in adults from the eastern part of the range",,,,,,,,,,,,,,,,,,,,,,,,,,,,,,,,,,,,,,,,,,,,,,,,,,,,,,,,,,,,,,,,,,,,,,,,,,,,,,,,,,,,,,,,,,,,,,,,,,,,,,,,,,,,,,,,,,,,,,,,,,,,,,,,,,,,,,,grey,,,,,,,,,,,,,,,,,,,,,,,,,,,,,,,,,,,,,,,,,,,,,,,,,,,,,,,,,,,,,,,,,,,,,,,,,,,,,,,,,,,,,,,,,,,,,,,,,,,,,,,,,,,,,,,,,,,,,,,,,,,,,,,,,,,,,,,,,,,,,,,,,,,,,,,,,,,,,,,,,,,,,,,,,,,,,,,,,,,,,,,,,,,,,
Cyclemys gemeli,,,,,,,,,,,,,,,,,,,,,,,,,,,,,,,,,,,,,,,,,,,,,,,,,,,,,,,,,,,,,,,,,,,,,,,,,,,elongated to rectangular,,,,,,,,,,,,,,,,,,,,,,,,,,,,,,,,,,,,,,,,,,,,,,,,,,,,,,,,,,,,,,,,,,,,,,,unknown,,,,,,,,,,,,,,uniform brown,not lighter coloured than temporal region,,,,,,,,,,,,,,,,,,,,,,,,,,,,,,,,,,,,,,,,,,,,,,,,,,,,,,,,,,,,,,,,,,,,,,,,,,,,,,,,,,,,,,,,,,,,,,,,,,,,,,,,,,,,,,,,,,,,,,,,,,,,,,,,,,,,,,,,,,,,,,,,,,,,,,,,,,,,,,,,,,,,,,,,,,,,,,,,,,,,,,,,,,,,,,,,,,,,,,,,,,,,,,,,,,,,,,,,,,,,,,,,,,,,,,,,,,,,,,,,,,,,,,,,,,,,,,,,,,,,,,,,,,,,,,,,,,,,,,,,,,,,,,,,,,,,,,,,,,,,,,,,,,,,,,,,,,,,,,,,,
Cyclemys enigmatica,,,,,,,,,,,,,,uniform dark brown and black,,,wide and obtuse-angled,,,,,,,,,,,,,,,,,,,,,,,,,,,,,,,,,,,,,,,,,,,,,,,,,,,,,,,,,,,,,,,,,,,,,,,,,,,,,,,,,,,,,uniform brown,,,,,,,,,,,,,,,,,,,,,,,,,,longer than or equal to anal mid-seam,,,,,,,,,,,,,,,,,,,,,uniform dark,,,,"brownish-yellow, mottled with small darker brown specks",,,,,absent,,,,,,,,,,,,,,,,,,,,,,,,,,,,,,,,,,,,,,,,,,,,,,,,,,,,,,,,,,,,,,,,,,,,,,,,,,,,,,,,,,,,,,,,,,,,,,,,,,,,,,,,,,,,,,,,,,,,,,,,,,,,,,,,,,,,,,,pure white,,,,,,,,,,,,,,,,,,,,,,,,,,,,,,,,,,,,,,,,,,,,,,,,,,,,,,,,,,,,,,,,,,,,,,,,,,,,,,,,,,,,,,,,,,,,,,,,,,,,,,,,,,,,,,,,,distinctly lighter coloured,,,,,,,,,,,,,,,,,,,,,,,,,,,,,,,,,,,,,,,,,,,,,,,,,,,,,,,,,,,,,,,,,,,,,,,,,,,dense black radiating pattern,
Cyclemys atripons,,,,,,,,,,,,,,,,small to wide and acute-angled to obtuse-angled,,,,,,,,,,,,,,,,,,,,,,,,,,,,solid black in some aged adults,,,,,,,,,,,,,light brown,,,,,,,,,,,a similar radiating pattern may occur on the light brown carapace,,,,,,,,,,,,,,,,,,,,,,,,,,,,,,,,,,,,,,,,,,,,,,,,,,,,,,,,,,,,shorter than or equal to anal mid-seam,,,,,,,,,,,,,,,,,,,,very similar to c. pulchristriata and cannot be reliably distinguished,,wide,ocellate pattern at submarginal seams,"mainly yellow, with few large black spots",,light coloured,,,,,top of the head with small dark specks,,,,,,,,,,,,,,,,,,,,,,,,,,,,,,,,,,,,,,,,,,,,,,,,,,,,,,,,,,,,,,,,,,,,,,,,,,,,,,,,,,,,,,,,,,,,,,,,,,,,,,,,,,,,,,,,,wide yellow to salmon stripes or unpatterned light coloured,,,,,,,,,,,,,,,,,,,,,,,,,,,,,,,,,,,,,,,mainly or entirely yellow,,,,,,,,"if a radiating dark plastral pattern is present, it consists of few thin black lines on each scute",,,,,,,,,,,,,,,,,,,,,,,,,,,,,,,,,,,,,,,,,,,,,,,,,,,,elongated in aged adults,ovoid to heart-shaped,,,,,,,,,,,,,,,,,,,,,,,,,,,,,,,,,,wide yellow to salmon stripes,,unpatterned light coloured,,,,,,,,,,,,,,,,,,,,,,,,,,,,,,,,,,,,,,,,,,,,,,,,,,,,,,,,,,,,,,,,,,,,,,,,,,
Cyclemys dentata,,,,,,,,,,,,,,,,narrow and acute-angled,,,,,,,,,,,,,,,,,,,,,,,,,,,,,,,,,,,,,,,,,,,,,,,,,,,,,,,,,,,,,,,,,,,,,,,,,,,,,,,,,,"darker brown, bridge never black",,,,,,,,,,,,,,,,,,,,,,,,,,,,,,shorter than anal mid-seam,,,,,,,,,,,,,,,,,,,,,,narrow,,,brownish-yellow,,striped,,,narrower and red-dish coloured,,,,,,,,,,,,,,,,,,,,,,,,,,,,,,,,,,,,,,,,,,,,,,,,,,,,,,,,,,,,,,,,,,,,,,,,,,,,,,,,,,,,,,,,,,,,,,,,,,,,,,,,,,,,,,,,,,,,,,,,,,,,,,,,,,,,,,,,,,,,,,,,,,,,,,,,,,,,,,,,,,,,,,,,,,,,,,,,,,,,,,,,,,,,,,,,,,,,,,,,,,,,,,,,,,,,,,ovoid to heart-shaped,,,,,,,,,,,,,,,,,,,,,,,,,,,,,,,,,,,,,distinctly striped or mottled with dark pattern,,,,,,,,,,,,,,,,,,,,,,,,,,,,,,,,,,,,,,,,,,,,,,,,,,,,,,,,,,,,,,,,,,,,,,,,,
Cyclemys pulchristriata,,,,,,,,,,,,,,,,,,,,,,,,,,,,,,,,,,,,,,not known to occur,,,,,,,,,,,,,,,,,,,,,,,,,,,,,,,,,,,,,,,,,,,,,,,,,,,,,,,,,,,,,,,,,,,,,,,,,,,,,,,,,,,,,,,,,,,,,,,,,,,,,,,,,,,,,,,,,,,,,,,,,,,,,,,,,,,,,,,,,,,,,,,,,,,,,,,,,,,,,,,,,,,,,,,,,,,,,,,,,,,,,,,,,,,,,,,,,,,,,,,,,,,,,,,,,,,,,,,,,,,,,,,,,,,,,,,,,,,,,,,,,,,,,,,,,,,,,,,,,,,,,,,,,short wide black lines or stout black specks,,,,,,,,,,,,,,,,,,,,,,,,,,,,,,,,,,,,,,,,,,,,,,,,,,,,,,,,,,,,,,,,,,,,,,,,,,,,,,,,,,,,,,,,,,,,,,,,,,,,,,,,,,,,,,,,,,,,,,,,,,,,,,,,,,,,,,,,,,,,,,,,,,,,,,,,,,,,,,,,,,,,,,,,,,,,,,,,,,,
Cuora zhoui,,,,,,,,,,,,,,,,,,,,,,,,,,,,,,,,,,,,,,,,,,,,,,,,,,,,,,,,,,,,,,,,,,,,,,,,,,,,,,,,,,,,,,,,,,,,,,,,,,,,,,,,,,,,,,,,,,,,,,,,,,,,,,,,,,,,,,,,,,,,,,,,,,,,,,,,,,,,,without black or dark-brown stripe on both sides,,,,,,,,,,,,,,,,,,,,,,,,,,,,,,,,,,,,,,,,,,,,,,4-6 times longer than that between the two humerals,,,,,,,,,,,,,,,,,,,,,,,,,,,,,,,,,,,,,,,,,,,,,,,,,,,,,,,,,,,,,,,,,,,,,,,,,,,,,,,,,,,,,,,,,,,,,,,,,,,,,,,,,,,,black,,,,,,,,large medial yellow pattern and some small marginal yellow patches,,,,,,,,,,,,,,,,,,,,,,,,,,,,,,,,,,,,,,,,,,,,,,,,,,,,,,,,,,,,,,,,,,,,,,,,,,,,,,,,,,,,,,,,,,,,,,,,,,,,,,,,,,,,,,extending laterally far beyond or close to the seam separating marginals 1-2,,,,,,,,,,,,,,,,,,,,,,,without or with a part of vertebral keel on carapace,,,,,,,,,,,,,,,,,,,,,,,,,,,,,,
Malayemys macrocephala,,,,,,,,,,,,,,,,,,,,,,,,,,,,,,,,,,,,,,,,,,,,,,,,,,,,,,,,,,,,,,,,,,,,,,,,,,,,,,,,,,,,,,,,,,,,,,,,,,,,,,,,,,,,,,,,,,,,,,,,,,,,,,relatively longer anl and shorter vert5l and pecl,,,,,,,,,,,,,,,,,,,,,,,,,,,,,,,,,,,,,,,,,,,,,,,,,,,,,,,,,,,,relatively wide at the loreal seam,does not extend or extends only slightly superior to the loreal seam,98%of infsw/hw=0.07-0.18,,,,,,,,,,,,,,,,,,,,,,,,,,,,,,,,,,,,,,,,,,,,,,,,,,,,,,,,,,,"relatively longer ppll and abdl, shorter pleu1l and pecl, and greater rlatk values",,,,,,,,,,,,,,,,,,,,,,,four or fewer,,,,,,,,,,,,,,,,,,,,,,,,,,,,,,,,,,,,,,,,,,,,,,,,,,,,,,,,,,,,,,,,,,,,,,,,,,,,,,,,,,,,,,,,,,,,,,,,,,,,,,,,,,,,,,,,,,,,,,,,,,,,,,,,,,,,,,,,,,,,,,,,,,,,,,,,,,,,,,,,,,,,,,,,,,,,,,,,,,,,,,,,,,,,,,,,,,,,,,,,,,,,,,,,,,,,
Cuora lineata,,,,,,,,,,,,,,,,,,,,,,,,,,,,,,,,,,,,,,,,,,,,,,,,,,,,,,dark brown to black,,,,,,,,,,,,,,,,,,,,,,,,,,,,,,,,,,,,,,,,,,,,,,,,,,,,,,,,,,,,,,,,,,,,,,,,,,,,,,,,,,,,,,,,,,,,,,,,,,,,,,,,,,,,,,,,,,,,,,,,,,,,,,,,,,,,,,,,,,,,,,,,,,,,,,,,,,,,,,,,,,,,,,,,,,,,,,,,,,,,,,,,,,,,,,,,,,,,,,,,,,,,,,,,,,,,,,,,,,,,,,,,,,,,,,,,,,,,,,,,,,,,,,,,,,,,,,,,,,,,,,,,,,,,,,,,,,,,,,,,,,,,,,,,,,,,,,,,,,,,,,,,,,,,,,,,,,,,,,,,,,,,,,,,,,,,,,,,,,,,,,,,,,,,,,,,,,,,,,,,,,,,,,,,,,,,,,,,,,,,,,,,,,,,,,,,,,,,,,,,,,,,,,,,,,,,,,,,,,,,,,,,,,,,
Geoemyda japonica,,,,,,,,,,,,,,,,,,,,,,,,,,,,,,,,,,,,present,,,,,,,,,,,,,,,,,,,,,,,,,,,,,,,,,,,,,,,,,,,,,,,,,,,,,,,,,,,,,,,,,,,,,,,,,,,,,,,,,,,,,,,,,,,,,,,,,,,,,,,,,,,,,,,,,,,,,,,,,,,,,,,,,,,,,,,,,,,,,,,,,,,,,,,,,,,,,,,,,,,,,sometimes present,,,,,,,,,,,,,,,,,,,,,,,,,,,,,,,,,,,,,,,,,,,,,,,,,,,,,,,,,,,,,,,,,,,,,,,,,,,,,,,,,,,,,,,,,,,,,,,,,,,,,,,,,,,,,,,,,,,,,,,,,,,,,,,,,,,,,,,,,,,,,,,,,,,,,,,,,,,,,,,,,,,,,,,,,,,,,,,,,,,,,,,,,,,,,,,,,,valid character,,,,,,,,,,,,,,,,,,,,,,,,,,,,,,,,,,,,,,,,,,,,,,,,,,,,,,,,,,,,,,,,,,,,,,,,,,,,,,,,,,,,,,,
Mauremys rivulata,,,,,,,,,,,,,,,,,,,,,,,,,,,,,,,,,,,,,,,,,,,,totally black,,,,,,,,,,,,,,,,,,,,,,,,,,,,,,,,,,,,,,,,,,,,,,,,,,,,,,,,,,,,,,,,,,,,,,,,,,,,,,,,,,,,,,,,,,,,,,,,,,,,,,,,,,,,,,,,,,,,,,,,,,,,,,,,,,,,,,,,,,,,,,,,,,,,,,,,,,,,,,,,,,,,,,,,,,,,,,,,,,,,,,,,,,,,,,,,,,,,,,,,,,,,,,,,,,,,,,,,,,,,,,,,,,,,,,,,,,,,,,,,,,,,,,,,,,,,,,,,abd > fern> pect > gul > an > hum,,,,,,,,,,,totally black,,,,,,,,,,,,,,,,,,,,,,,,,,,,,,,,,,,,,,,,,,,,,,,,,,,,,,,,,,,,,,,,,,,,,,,,,,,,,,,,,,,,,,,,,,,,,,,,,,,,,,,,,,,,,,,,,,,,,,,,,,,,,,,,,,,,,,,,,,,,,,,,,,,,,,,,,,,,,,,,,,,,,,,,,,,
Siebenrockiella leytensis,,,,,,,,,,,,,,,,,,,,,,,"touching nuchal, extending far anterior to nuchal and about five times as large as nuchal",covered with smooth undivided skin,,,,,,,,,,,,,,,,,,,,,,,,,,,,,,"smooth above, rather flattened, with no trace of a keel",,,,,,,,,,,,,,,,,,,,,,,,,,,,,,,,,,,,,,,,between eyes,,,,,,,"four on each side normally, much broader than long, much broader than vertebrals",,,,,,,,,slightly farther from eye than eye from end of snout,,,,,,,,,,"rather small, slit diagonally",,,,,,,,,,,,,,,,,,,,,,,,,,,,,,,,,,,,large,,,,,,,,,,,,,,,,,,,,,,,,,,,,,,,,,,,,,,,,,,,,,,,,,,,,,,,,,,,,,,,,,,,,,,,,,,,,,,,,,,,,,,,,,,,,,,,,,,,,,eleven on each side,,,,,,,,,,,,,,,,,,,,,,,,,"anterior, separated by a distance equal to or greater than diameter of a single nostril",,"triangular, broadest posteriorly",,,diameter distinctly less than length of snout,,,,,,,,,,,,,,,,,,,,,,,,,,,,,,,,,,,,,,,,,,,,,,,,,,,,,,,,,,,,,,deeply notched and serrate,divided into scalelike elements,,,,,,,,,,,,,,,,,,,,,,,,,,,,,bluntly pointed,,,,,,,,,,,,,,,,,,"not or but slightly notched, partially fused",,,,,,,,,,,,,,,,,,"narrow, with an indistinct short ridge or keel near inner edge",,,,,,"with a distinct hook, slightly bicuspid",,,,,,,,,,,,,,,,,,,,,,,,,,,,,,,,,,,,,,"all wider than long (fifth anomalous and very irregular and broken, forming an extra costal between it and fourth costal on left side)",,,,,,,,,,,,,,,,,,,,,,,
Mauremys nigricans,usually broadest,,,,,,,,,,,,,,,,,,,,,,,,,,,,,,,,,,,much smaller than the inguinals,,,,,,,,totally brown,,,,narrower than the length of the posterior plastral lobe,,,,,,,,,"brown to chestnut brown, unmarked",,,,,,,,,to 20 cm,,,,,,,,,"elongated, slightly domed, unserrated posteriorly",,,,,,,,,,,,,,,,,,,,,,,,,,,,,,,,,,,,,,,,,,,,,,,,,,,,,,,,,,,,,,,,,,,,,,,,,,,,,,,,,,,,"brown to mahogany, narrow yellow vermiculations",,,,,"broad, pointed, projecting snout",,,,,,,,,,,,,,,,,,,,,,,,,,,,,,,,,,,,,,,,,,,,,,,,,,,,,,,,,,,,,,may be upturned,,,,,,,,,,,,,,,,,,,,,,,,,,,,,,,,,,,"single, pronounced",,,,,,,,,,,,,,,,,,,,,,,,,,,,,,,,,,,,,,,abd > pect >< fem > gul ≥ an > hum,,,,,,,,,,,"yellowish with brown, irregularly shaped markings on each scute",,,,,"elongated, notched posteriorly",,,,,,,,,,,,,,,,,,,,,,,,,,,,,,,,,,,,,,,,,,,,,,,,,,,,,,,,,,,,,,,,,,,,,,,,,,,,,,,,,,,,,,,,,,,,,,,,,,,,broad and ridgeless,,,,,,,,,"medial, anterior concave, not straight",,,,,,,,,,,,,,,,,,,,,,,,,,,,,,,,,,,,"1, 4, and 5 are broader than long; 2 and 3 may be or are as broad as long",,,,,,,,,,,,,,,,may occur along the marginal seams,,,,,
Geoclemys hamiltonii,,,,,,,,,,,,,,,,,,,deeply notched,,,,,,,,,,,,,attached to the 1st costals,,,,,,,,,,extensive with moderate buttresses,,,,,,,,,,,,,,,,,,,black,,,interrupted into a series of elevated protuberances,,to 35 cm,,,posteriorly serrated,,,,,,"elongated oval, three-keeled, domed",,,,,,,,,,,,,,,,,,,,,,,,,,,,,,,"series of dorsally pointing orange, yellow, cream, or white wedge-shaped marks at the base of each pleural and spots or radiations of the same color on the vertebrals",,,,,,lies just anterior to the humero-pectoral seam,,,,,,,,,,,,,,,,,,,,,,,,,,,,,,,excluded from the orbit,,,,,,,,,,,,,,,,,,,,,,,,,,,,,,,,,,,,,,,,,,,,,,,,,,,attach to the sutures between the 5th and 6th costals,,,,,,,,,,,,,,,,,,,,,,,,,,,,,,,,,,,,,,,,,,,,,,,,,,,,,,,,,,,,,,,,,,,,,,,,,,,,,,,,,,,,,,,short sided anteriorly,,,,,,,,,,,,,,,,,,,,,,,"hingeless, yellow with numerous dark radiations",,,,,,,,,abd > fem > pect > gul > an > hum,,,,,,,,,,,,,,,,,,,,,,,,,,,,,,,,,,,,,,,,,,,,,separated from the squamosal by the jugal,,,,,,,,,,,,,,,,,,,,,,,,,,,,,,,,,,,,,,,,,,,,,,,,,,,,,,,,,,,,,,,,,,,,,,,nearly as broad as long,,,,,,,,,,nearly as long as broad,,,,,,,,,,broader than long,,,,,,,,,,,,,,,,,,,,,,,,,,,,,,,,,
Heosemys annandalii,,,,,,"hexagonal, short side is anterior",,"hexagonal, shorter posteriorly",,occasionally present,,,,,,,,,,,,,,,,,,,,,,,,,,,,,,,,,,,,,,,,,,,,,,,uniformly dark-brown or black,,,,,,,,,60 cm,,,,,,,,,"elongated, rather low in profile but not depressed",,,,,,,,,,,,,,,,,,,,,,,,,,,,,,,,,,,,,,,,,,,,,,,,,,,,,,,,,,,,,,,,,angular,,,,,,,,,,,,,,,,,,,,,,,,,,,,,,,,,,"shorter than bridge, contains a wide anal notch",,,,,,,,,lies over entoplastron,,,,,,,,,,,,,,,,,,,,,,,,,,,,,,,,,,,,,,,,,,,not downturned,,,,,,,,,,,,,,,,,,,,,,,,,,,,,,,,,,,"single, rather low",,,,,,,,,,,,,,,,,,,,,,,,,,,,,,,,,,,,,,,abd > fem > pect > gul > an > hum,,,,"connected to carapace by ligaments, short, lacking hinge",yellow with a large black blotch on each scute,,,,,,,,,,,,,,,,,,"well developed, but shorter than carapace",,,,,,,,,,"serrated, with a pronounced notch between the 12th marginals",,,,,,,,,,,,,,not noticeably elongated,,,,,,,,,,,,,,,,,,,,,,,,,,,"incomplete temporal arch, lacking quadratojugal",,,,,,,,,,,,,,,,absent,,,,,,,,,,,,,,,,,,,,,,,,,,,,,,,,,,,,,,,,,,,,,,,,,,,,,,,,,,,,,,,,,,,"1st broader anteriorly than posteriorly, 2nd-5th broader than long, 5th broader posteriorly than anteriorly",,,,,,,,,,,,,,,,,,,,,,,,,
Mauremys caspica,,,,,,,,,,,,,,,,,,,,,,,,,,,,,,,,,,,,,,,,,,"either yellow with dark seam borders and dark spots on the corresponding marginals, or almost totally black with a few small yellow marks",,,,,,,,,,,,,,,tan to olive or black with yellow to cream-colored reticulations,,,,,,,,,,,,,,,,,,,,,,,,,,,,,,,,,,,,,,,,,,,,,,,,,,,,,,,,,,,,,,,,,,,,,,,,,,,,,,,,,,,,,,,,,,,,,,,,,,,"not enlarged, olive to dark brown with yellow or pale cream-colored stripes",,,,,,,,,,,,,,,,,,,,,,,,,,,,,,,,,,,,,,,,,,,,,,,,,,,,,,,,,,,,,,,,,,,,,,,,,,,,,,,,,,,,,,,,,,,,,,,,,,,,,,,,,,,,,,,,,,,,,"tan gray to olive or black with yellow, cream, or gray stripes or reticulations",,,,,,,,,,,,,,,,,,,,,,,,,,,,,,,"well-developed, notched posteriorly",,,,,,,"yellow with variable reddish to dark-brown blotches, or dark brown or black with a yellow blotch along the lateral scute borders",,,,,,,,,,,,,,,,,,,,,,,,,,,,,,,,,,,,,,,,,,,,,,,,,,,,,,,,,,,,,,,,,,,,,,,,,,,,,,,,"several extend anteriorly from the neck onto the head, one on each side passes above the eye and onto the snout where it meets the stripe from the other side, several others extend across the tympanum to contact the posterior rim of the orbit, and two additional stripes continue across the snout and pass ventral to the orbit",,,,,,,,,,,,,,,,,,,,,,,,,,,,,,,,,,,,,,,,,,,,,,,,,,,,,,,,,,,,,,,,,,,,,,,,,,,,,,,,,,,,,,,,,,,
Pangshura tentoria,,,,,,,,,,,,,,,,,,,,,,,,,,,,,,,,,,,,,,,,,,,,,,,,,,,,,,,,,brown to olive,paler than kachuga tecta,,,,,,,,to 26.5 cm,,,,,,,,,arched elliptical,,,,behind the middle,,,,,,,,,,,,,,,,,,,,,,,,,,,,,,,,,,,,,,,,,,,,,,,,,,,,,,,,,,,,,,much shorter than the broad bridge,,,,,,,,,,,,,,,,,,,,,,,,,,,,,,,,,,,,contains a posterior anal notch,slightly shorter than the bridge,,,,,,obtuse,,,,,,,,,,,,,,,,,,,,,,,,,,,,,,,,,,,,,,,,,,,,,,,,,,,,,,,,,,,,,,,,,,,,,,,,,,,,,prominent,,,"narrow, red to orange",,,,,,,,,,,,,,,,,,,,,,,,,,,,,,,,,,,,abd > fem > pect >< hum > an > gul,,,,,,,,,,,,,,,,long and narrow,,,,,,,,,,,,,,,,,,,unserrated,,,,,,,,,,,,,,,,,,,,,,,,,,,,,,,,very short,,,,,,,,,,,,,,,,,strong,,,,,,,,,,,,,,,,,,,,,,,,,,,,,,,,,,,,,,,,,,,,,,,,broader than long,,,,,,smaller than or 3,,,,,longer than broad,posteriorly pointed,,,anteriorly pointed,,,,,,,,,,,,,,,,,,,,,,,,,,,,,,,,,,,
Pangshura tecta,,,,,,,,,,,,,,,,,,,,,,,,,,,,,,,,,,,,,,,,,,"inguinal and axillary scutes are nearly equal in length, or the inguinal is slightly larger",,,,,,,,,,,,"arched, elliptical",,,"brown, sometimes yellow or orange bordered, with a red to orange medial stripe",,,,,,,,,to 23 cm,,,,,,,,,,,,,,widest behind the middle,,,,,,,,,,,,,,,,,,,,,,,,,,,,,,,,,,,,,,,,,,,,,,,,,,,much shorter than the broad bridge,,,,,,,,,,,,,,,,,,,,,,,,,,,,,,,,,,moderate,,,,,,,,,slightly shorter than the bridge and contains a posterior anal notch,,,,,,,,,joins the plastral seam at an obtuse angle,,,,,,,,,,,,,,,,,,,,,,,,,,,,,,,,,,,,,,,,,,,,,,,,,,,,,,,,,,,,,,,,,,,,,,,,,,,,,,prominent,,,,,,,,,,,,,,,,,,,,,,,,,,,,,,,,,,,,,,,abd > fem > an >< hum > pect >< gul,,,,long and narrow,"yellow with at least two black elongated blotches on each scute, except the gulars which usually have only a single blotch",,,,,,,,,,,,,,,,,,,,,,,,,,,,,,,,,,,,,,,,,,,,,,,,,,,,,,,,,,,,,,very short,,,,,,,,,,,,,,"projecting, short, pointed",,,,,strong,,,,,,,,,,,,,,,,,,,,,,,,,,,,,,,,,,,,,,,,,,,longer than broad,,,,,,broader than long,,,,,,posteriorly pointed,,,,,anteriorly pointed,,,broader than long,,,,,,,,,,,,,,,,,,,,,,,,,,,,,,,,,
Cuora yunnanensis,,flared,,,,,,,,,,,much narrower than their accompanying pleurals,,,,,,,,,,,,,,,,,,,,,,,,,,,,,,,,present,,,,,,,,,,,,chestnut brown to olive,,,,,,,,,to 14 cm,,,,,,yellow,,,relatively low arched,,,,behind the center,,,,,,,,,,,,yellow to orange with olive mottlings,,,,,,,,,,,,,,,,,,,,,,,,,,,,,,,,,,,,,,,,,,,,,,,,,,,,,,,,,,,,,,,,,,,,olive to brown,,,,,,,,,,,,,,,,does not completely close posteriorly,,,,,,,,,,,,,,,,,,,,,,,,,,,complete,,,,,,,,,,,,,,,,,,,,,,,two low,,,,,,,,,,,,,,,,,,,,,,,,,,,,,,,,,,,,,,,,,,,,second yellow,,,,,,,,,,,,,,,,,,,,narrow yellow,,,,,,,,,,,abd > pect > an > gul > fem > hum,,,,,,,,,,,olive to brown with black seams and a yellowish border,well developed,,weak,,,,,,,,,,,,,,,,,,,,,,"smooth in adults, but are slightly serrated in juveniles",,,,,,,,,,,,,,,,,,,,,,,,,,,large red-brown,,,,,,,,,,,,,,,,,,pointed and slightly projecting,,,,,,,,,,,,,,,,,,,,,,,,,,,,,,,,,,,,,,,,,,,,,not hooked,,,,,,,,,,,,,,,,,,,,,,,,,,strongly developed,,,,,,,,,,,,,,,,,,,,,,,,,,,,,,
Cuora trifasciata,,,,,,,,,,,,,,,,,,,,,,,,,,,,,,,,,,,,,,,,,,,,,,,,,,,,,,,,,"brown with well-marked black stripes along each keel, dark seams",,,"slight concavity at the seam between the first two pleurals, low, blunt vertebral keel, indications of lateral keels, vertebral 1 wider anteriorly than posteriorly",,,,,,to 20 cm,,,,,,,,,"elongated, low arched, widest behind the middle, and smooth edged posteriorly",,,,,,,,,,,,,,,,,,,,,,,,,,,,,,,,,,,,,,,,,,,,olive or brown,,,,,,,,,,,,,,,,,,large horizontal scales,,,,,,,,,,,,,,,,,,,,,,,,,"slightly projected snout, upper jaw only slightly hooked, ground color of the head is olive dorsally, but black laterally, olive-colored, black-bordered stripe runs backward from the nostril through the orbit, upper jaw is yellow, yellow stripe extends from the corner of the mouth through the tympanum to the side of the neck",,narrow and pointed,,,,,,,,,,,,,,,,,,,,,,,,,,,,,,,,,,,,,,,,,,,,,,,,,,,,,,,,,,,,,,,,,,,,,bright orange or pinkish yellow,,,,,,,,,,,,,,,,,,,,,,,,,,,,,,,,,,,,,,,,,,,,,,,,,,,,,,,,,,,,,,,,,,,pect >< abd > an > gul > fem > hum,,,,"well developed, but the hind lobe is not extensive enough to completely hide the hind limbs, anal scutes have a wide posterior notch at the midline",,,,,,,dark brown to black with a yellow lateral border extending from the pectoral to the anals,,,,,,,,,,,,,,,,,,,,,,,,,,,,,,,,,,,,,,,,,,,,,,,,,,,,,,,,,,,,,,,,,,,,,,,,,,,,,,,,,,,,,,,,,,,,,,,,,,,,,,,,,,,,,bright orange to pinkish yellow to bright yellow with large black spots on at least the anteriormost marginals,,,,,,,,,,,,,,,,,,,,,,,,,,,,,,,,,,,,,,,,,,,,,,,,,,,,,,,,,,,,,,
Heosemys depressa,,,,,,,,,,,,,,,,,,,,,,,,,,,,,,,,,,,present,,,,,,,,,uniformly dark brown or black,,,,,,,,,,,,,light brown or bear either black mottled streaks or a black border,,,,,,,,,to 24.2 cm,,,,,,,,,middorsally flattened,,,,,widest behind the middle,,,,,,,,,,,,,,,,,,,,,,,,,,,,,,,,,,,,,,,,,,,,,,,,,,,,,heavy,,,,,"large, square to pointed",partially webbed toes,,,,,,,,,,,,,,,,,,,,,,,,,,moderate,,,,,,,,flattened,,,,,,narrower than the length of the bridge,,,,,,,,,,,,,,,,,,,present,,,,,,brown,,,,,,,,,,,,,,prominent blunt keel,,,,,,,,,,,,,,,,,,,,,,,,,,,,,,,,,,,,,,,,,,,,,,,,,,,,,,,,yellow brown,,,,,,,,,,,,,,,,,,,,,,,,,,abd > pect > fem >< gul > an > hum,,,,,,,,,,,yellow to tan with dark-brown or black blotches or radiations on each scute,,,,,,,,,,,,notched posteriorly,,,,,,,,,,,,,,divided into large scales,,,,,,,strongly serrated,,,,,,,,,,,,,,,,,,,,,,,,,,,,,,,,,,,,,slightly projecting,,,,,,,,,,,,,,,,,,,,,,,,,,,,,,,,occurs on either side of the medial notch on the upper jaw,,,,,,,,,,,,,,,,,,,,,,,,,,,,,,,,,,,,,,,,,,,,,broader than long,,,,,,,,,,,,,,,,,,,,,,,,
Pangshura smithii,,,,,,,,,,,,,,,,,,,,,,shorter than broad bridge,,,,,,,,,,,,,,,,,,,,,,,,,,,,,,,,,arched,,brown to tan,,,,,,,,,to 23 cm,,,,,,,,,elliptical,,,,behind the middle,,,,,,,,,,,,,,,,,,,,,,,,,,,,,,,,,,,,,,,,,,,,,,,,,,,,,,,,,,,,,,,,,,,,,,,,,,,,,,,,,,,,,,moderate,,,,,,,,,,,slightly shorter,notched posteriorly,,,,,,,joins the plastral midseam at a slight angle,,,,,,,,,,,,,,,larger than the axillary,,,,,,,,,,,,,,,,,low,,,blunt,,,,,,,,,,,,,,,,,,,,,,,,,,,,,,,,,,,,,,,,,,present,,,dark,,,,,,,,,,,,,,,,,,,,,,,,,,,,,,,,,,,,abd > fem > hum > pect > an > gul,,,,,yellow with a large black blotch on each scute,,,,,,,,,,,long and narrow,,,,,,,,,,,,,,,,,,,,,,,,,,,,,,,,,,,,,,smooth or only slightly serrated,,,,,,,,,,,,,,,,,,,,,,,,,,,"projecting, short, pointed",,,,,,,,,,,,,,,,,,,,,,,,,,,,,,,,,,,,,,,,,,absent,,,,,,,,,,longer than broad,,,broader than long,,,,,,,,,,,tapered and pointed anteriorly,,,,,,,,,,,,,,,,,,,,,,,,,,,,,,,,,,,
Batagur kachuga,,,,,,,,,,,,,,,,,,,,,,shorter than the broad bridge,,,,,,,,,,,,,,,species,,,,,,,,,,,,,,,,,,,,brown to olive,,,,,,,,,to 49 cm,,,,,,,,,slightly depressed,,,,,widest behind the middle,,,,,,,,,,,,,,,,,,,,,,,,,,,,,,,,,,,,,,,,,,,,,,,,,,,,,,,,,,,,,,,,,,,,,,,,,,,,,,,,,,,,,moderate,,,,,,,,,,,,,,,,,,,joins the plastral midseam at an obtuse angle,,,,,,,,,,,,,,,larger than the axillary,,,,,,,,,,,,,,,,,,,,,,,,,,,,,,,,,,,,,,,,,,,,,,,,,,,,,,,,,,,,,,present,,,,,,,,,,,,,,,,,,,,,,,,,,,,,,,,,,,,,,,abd > fem > hum > pect > an > gul,,,,,immaculate yellow,,,,,,,,,,,long and narrow,,,,,,,,,,,,,,,,not always present,,,,,,,shorter than the broad bridge,,,,,,,,,,,,,present on vertebrals 2-3,,smooth to slightly serrated,,,,,,,,,,,,,,,,,,,,,,,,,,,"short, slightly upturned, projecting",,,,,,,,,,,,,,,,,,,,,,,,,,,,,,,,,,,,,,,,,,,shallow medial notch bordered on each side by a toothlike projection,,,,,broader than long,,,,,,about as long as broad,,,,,,broader than long,,,,,much longer than broad,,,broader than long,,,,,,,,,,,,,,,,,,,,,,,,,,,,,,,,,
Cuora mouhotii,,,,,,,,,,,,,,,,,,,,,,,,,,,,,,,,,,,,,,,,,,,,,,,,,,,,,,,,,,,,"flattened dorsally, strongly serrated posteriorly, anterior margin somewhat serrated, 3 well-developed keels",,,,,,to 18 cm,,,,,,,,,"elongated, oval",,,,,,,,,,,,,,,,,,,,,,,,,,,,,,,,,,,,,,,forward extension to the level of the anterior border of the cranial cavity,,,broad triangular,,,,,,,,,,,,,,,,,,,covered with large scales,,,,,,,,,,,,,,,,,,,,,,,brown with dark vermiculations,,,"strongly hooked, unnotched upper jaw, short nonprojecting snout, narrow and ridgeless triturating surfaces of the jaws",,,moderate,,,,,,,somewhat club shaped,,,,,,,,,,,,,,,,,,,,,,,,,,,,,,,,,,,,,,,,,,,,,,,,,,,,,,,,,,,gray to dark brown or black,,,,,,,,,,,,,,,,,,,,,,,,,,,,,,,,,,,,,,,,,,,,,,,,,,,,,,,,,,,,posteriorly situated at the level of the primitive caroticum foramen,,,,,,,,,,,,,,,,,,,,yellow to light brown with a dark-brown spot on each scute,,abd> an > pect > hum >< fem > gul,,,,,,,,,,"united to the carapace by ligaments along a short, but distinct, bridge",smaller than the opening of the carapace,,,,,,,,,,,,,,divided into large scales,,,,,,,,,,,,,,,,,,,,,,,,,,,,,,,,,,,,,,,,,,,,,,,,,,,,,,,,,,,,,,,,pointed tubercles arise at its base and on the adjoining thighs,moderate,,,,,,,,,,,,,,,,,,,,,,,,,,,,,,,,,,,,,,,,,,,,,,,,,,,,,,,,,,,,,,,,,,,,,,,,,,,,,,,
Sacalia bealei,,,,,,,,,,,,,,,,,,,,,,,,,,,,,,,,,,short,,,,,,,,,,,,about as long as the plastral hind lobe,,,,,,,,,,,yellow brown to chocolate brown,,,,,,,,,to 14.3 cm,,,,,,,,,"elongated, elliptical",,,smooth,,,,,,,,,,,,,,,,,,,,,,,,,,,,,,,,,,,,,,broad and triangular,,,,,,,,,,,,,,,,,,,,,,,,,,,,,,,,,,,,,,,,,,,,,,,,,moderate,,,,,,,,,,,,,,,,,,,,,,,,,,,,,,,small or absent,,,,,,,,,,,,,,,,,,,,,,,,,,,,,,,,,,,,,,,,,,,,,,,,,,,,,,,,,,,,,,,,,,,low,,,,,,,,,,,,,,shortest anteriorly,six sided,,,,,,,,,,,,,,bordered by the basisphenoid in front of the primitive caroticum foramen,,,,,,,,abd > pect > an > fem > hum >< gul,,,,,yellowish to light olive,,,,,,,,,,,,,,,,,"well developed, hingeless",notched posteriorly,,,,,,,,,,,,,,,,,,,,,,unserrated in adults,present,,,,,,,,,,,large and round,,,,,,,,,,,,,,,,,,,,,,,,,,,,,,,,touching the postorbitals but not the jugals,,,,,,,,,,,,,,,,,,,,,,,,,,,,,,,,,,,,,,,,,,,,,,,,,,,,,,,,,,,,,,,,,,,,,,,,,,,,broader than long,,,,,,,,,,,,,,,,,
Batagur borneoensis,,,,,,,covers three neurals,,,,"light brown to olive with three broad, black longitudinal stripes",,,,,,,,,,,,,,,,,,,connected to the 1st rib,,,,,,,,,,,,broad,,,,,,,,,,,,,,,,,,,,,,,,,,,,,,,"roughened with growth annuli, not serrated posteriorly",,"oval, somewhat flattened",,,,,,,,,,,,,,,,,,,,,,,,,,,,,,,,,,,,,,,,,,,,,,,,,,,,,,,,,,,,,,,,,,,,,,,,,,,,,,,,,,,,,,,,,,,,,,,,,,,,,,,,,,,,,,,,,,,,larger than the axillary,connects between the 5th and 6th costals,,,,,,,,,,,,,,,,,,,well-developed continuous medial keel and an interrupted lateral keel on the pleural scutes of each side,,,,keels become lower and disappear with age,,,,,,,,,,,,,,,,,,,,,,,,,,,,,,,,,,,,,,,,,,,,,,,,,,,,,,,,,,,,,"elongated, hexagonal, short sided anteriorly",,,,,,,,,,,,,,,,,,,,,,"greatly enlarged, extending almost to the neurals",,abd > fem > pect > an >< hum > gul,,,,,,,,,,,,,,,,,,,,,,,"well developed, but smaller than the shell opening",smaller than the shell opening,,,,,,,,,,,,,,,,,,,,,,,,,,,,,,,,,,,,,,,,,,,,,,,,,,,,,,,,,,,,,,,,,,,,,,,,,,,,,,,,,,,,,,,,,,,,,,,,,,,,,,,,,,,,,,broader than long,,,,,,,,,,,,"about as broad as long, smaller than the 3d",,,,,,,a projection on the anterior border of the 4th vertebral fits into a posterior concavity on the 3d,,,,,,,,,,,,,,,,,,,,,,,,,,,,,
Notochelys platynota,,,,,,,,,,,,,,,,,,"not notched, or only slightly so, posteriorly",,,,,,,,,,,,,,,,,,,,,,,,,,,,,,,,,,,,,,,,,flattened,,,,,,,to 32 cm,,,,,present,,,,oval to elongated,,,,,,greenish brown to yellowish brown or reddish brown,,,,,,,,,,,,,,,,,,,,,,,,,,,,,,,,,,,,,,,,,,,,,,,,,,,,,,,,,,,,,,,,,,,,,,,,,,,,,,,,,,,,,,,,,,,,,,,,,,,,,,,,,,,,,,,,,,,,,,,,,,,,,,,two dark spots on each vertebral and one on each pleural,,,,,,,,,,,,,,,,,,,,,,,,,,,,,,,,,,,,,,,,,,,,,,,,,,,,,"low, interrupted",,,,,,,,,,,,,,,,,,,shortest anteriorly,hexagonal,,,,,,,,,,floor of the cavernosum canal lateral to the border of the basisphenoid and anterior to the primitive caroticum foramen,,,,,,,,,,,,,,yellow to orange,,,bound to the carapace by a ligament,present,,,,abd >< pect > an > gul> hum > fem,,,,,,,,,,,,,,,,,,,,,,,,,,,,,,,,,,,,,,,,,,,,,,,,,,,contain a dark spot or radiation,,,,,,,,,,,,present,present,complete or incomplete,,,,,,,,,,,,,,,,,,,,,,,,,,,,,,,,,,,,,,,,,,,,,,,,,,,,,,,,,,,,,,,,,,,,,,,,,,,,,,"first four and last large, broader than long",6 or 7,,,,,,,,,,,,,,,,,,,,,,,,,
Morenia petersi,,,longer than broad,,,,,,,,,,,,,,,,,,,,,,,,,large,,,,,,,,,,,,,"greenish, cream, or yellow",broader than hind lobe is long,,,,,,,,,,,,to 20 cm,,,"olive, dark brown, or black",,,,,,,,,,,,,,,,,,,,,,,,,,,,,,broader than long,,,,,,,,,,,,,,,,,,,,,,,,,,,,,,,,,,,,,,"larger, higher domed, relatively shorter tails, vent under the carapace",,,,,,,,,,,,,,,,,,,,,,,,,,,,,,,,,,"olive, several yellow stripes",,,,,not enlarged,,,,,dorsal and lateral surfaces covered with an enlarged scale,,,,,"narrow, posterior notch",,,,,,,,,,,,,,,,,,,,,,,,,,,,,,,,,,,,,,,low bulbous projections,,,,,,,,,,,,,,,,,,yellow margin,,,,,,,,,,,,,,"slightly concave plastra, longer tails, vents beyond the carapacial rim",,,,,,,,,,,pale vertical,,,,,,,,pale,,,,,,,,,,,,,,,,,,,,,,,,,,,,,,,,,,,,abd>pect>hum>fem>an>gul,,,,,,,,,,,uniformly yellow,,,,,,,,,,,,,,,,,,,,,,,,,,,,,,,,,,,,,,,,,,unserrated,,,,,,,,,,,,,,,,,,,,,,,,,,,,"pointed, protruding",,,,,,,,,,,,,,,,,,,,,,short,,,,,,,,,,,,,,,,,,,,,,,,,,,,,,,,,,,,,,,,,,,,,,,,,,,,,,,,,,,,,broader than long,,,,,,,,,,,,,,,,,,"light-colored horseshoe-shaped mark, pale ocellus"
Mauremys annamensis,,,,,,,,,,,,,,,,,,,,slightly upturned,,,,,,,present,,,,,,,,,,,,,present,,,,,,40-50% that of the plastron,,,,,,,,,,,uniformly dark-gray to black,,,,,,,,,to 17 cm,,,,,,,,,"low arched, or depressed",,,,,,,,,,,,,,,,,,,,,,,,,,,,,,,,,,"low and almost nonexistent in older individuals, strongly developed in juveniles",,,,,,,,,,,,,,,,,,,,,,,,,,,,,,,,,,,,,,,,,,,,,,,,,,,,,,,,,,,,,,,,,,,,,,,,,,,,,,,,,,,,,,,,,,,,,,,,,,,,,,,,,,,,,,,,,,,,,,,,,,,,,,,,,,,,,,,,,,,,,,,,,,,,,,,,,,,,well developed and prominent in adults,,,,,,,,,,hexagonal and short sided anteriorly,,,,,,,,,,,3,,,,,,,,,,,,,,abd < pect > fem > an > hum >< gul,,,,,,,truncate,,,,,"well developed, but does not completely cover the shell opening",,,,,,,,,contains a deep anal notch,,,,sutured is to the carapace,,,,,,,,,,,,,,,,,,,none,,,,,,,,,,,,,,,,,,,,,,,,often nearly equal in length,,,,,,,,,,,,,,,,,,,,,,,,,,,,,,,,,,,,,,,,,,,,,,,,,,,,,,,,,,,,,,wider anteriorly than posteriorly,,,,,,,,,,about as broad as long,,,,,,,,,,opposite of vertebral 1,,,,,,,,,,,,,,,,,,,,,,,,,,,,,,,,
Siebenrockiella crassicollis,,,,,,,,,,,,,,,,,,,,,,,,,,moderate to large,,,,,midway along the 1st costal,,,,,,,,,,,,uniformly black or dark brown to yellowish brown with dark blotches or an extensive dark seam-following pattern,,,,,about equal to the length of the plastral hind lobe,,,,,,,,,,,,,,,,,,to 20 cm,,,,,,,,,"oval, depressed, tricarinate",,,,,,,,,,,,,,,,,,,,,,,,,,,,,,,,,,,,,,,,,,,,,,,,,,,,,,broader posteriorly than anteriorly,wider anteriorly and rather narrow posteriorly,,,,,,,,,,,,,,,,,,,,,,,,,,,,,,,,,,,large and rather broad,,,,,,,,,,,,,,,,,,,,,,,,,,,,about a third of the way along the suture between the 5th and 6th costals,,,,,,,,,,,,,,,,,,,,,,,,,,,,,,,,less pronounced in larger individuals,,,,,,,,,,,,,,,,,,,,,,,,,,,,,,,,,,,,distinct,,,,,,,,,,,,,,,"not elongated, shortest anteriorly",,,,,,,,,,,,,,,,,,,,,,,,abd > pec > fem > an > gul > hum,,,,"well developed, hingeless, extensively sutured to the carapace",,,,,,,,,,,,,,,,,,,,,,,,,,,,,,,,,,,,,strongly serrated,,,,,,,,,,,,,,,,,,,,,,,,,,,,,,,,,,"quadratojugal touches both the jugal and postorbital, posterior palatine foramen slightly larger than the small orbito-nasal foramen",,,,,"short, slightly projecting",,,,,,,,,,,,,,,,,,,,,,,,,,,,,,,,,,,,,,,,,,,,,,,,,,,,,,,,,,,,,,,,,,,,,,,,,,,,,,,,,dorsally flattened,,,,,,,,,,,,,,,,,,,,,
Mauremys leprosa,,,,,,,,,,,,,,,,,,,,,,,,,,,,,,,,,,,,,,,,,,,,,,,,,,,,,,,,,"tan to olive with large, black-bordered, yellow to orange blotches on each scute",,,,,,slightly keeled medially,,,to 18 cm,,,,,,,,,"low, oval",,,,,,,,,,,"large, dark",,,broader than long,,,,,,,,,,,,,,,,,,,,,,,,,,,,,,,,,,,,,,,,,,,,,,,,,,,,,,,,,,,,,,,,,,,,,,olive to grayish tan,,,,,,not greatly enlarged,,,,,,,,,,,,,,,,,,,,,,,,,,,,,,,,,,,,,,,,,,,,,,,,,,,,,,,,,,"present on pleural scutes of hatchlings, becoming lower with age",,,,,,,,,,,,,,,,,,,,,,,,,,,,,"smooth, unserrated",,,,,,,,,,,,"usually present, but fades with age",,,,,,,,,,,,,,,,,,,,,,,,,,,,,,,,,,,,,,,,,,,,,,,yellow,,"abd> fem > pect > gul > an > hum in males; in females, the pectoral and femoral scutes are reversed",,,,,,,,,,notched and somewhat pointed posteriorly,,,,,,,,,,,,,,,,,,,,,,,,,,,,,,,,,,,,,,between the tympanum and orbit; may touch the tympanic ring,,,,,,,,,,,,,,,,,,,,,,,,,,,,,,,,,,,,,,,,,,,,,,,,,,,,,,,,,incomplete,,,,,,,,,,,,,,,,,,,,,,,,,,,,,,,,,,,,,,broader than long,,,,,,,,,,,,"well developed, with two dark blotches which may join medially",extends from the neck to the corner of the mouth and continues along the border of the upper jaw to its tip,,,,,"begin on the neck, pass dorsal to the tympanum, and extend to the orbit",,,,,,,,
Mauremys japonica,,,,,,,,,,,,,,,,,,,,,,,,,,,,,,,,,,,,,,,,,,,,,,,,,,about as wide as the length of the posterior plastral lobe,,,,"brown, posteriorly serrated",,,,,,,,,,,,18.2 cm,,,,,,,,,,,,,,,,,,"bear growth annuli, well-marked, elevated radiations",,,,,,,,,,,,,"olive to brown, yellow along vertebral keel, yellow and dark mottlings along seam",,,,,,,,,,,,,,,,,,,,,,,,,,,,,,,,,,,,,,,,,,,,,,,,,,,,,,,,,,,rather small,,,,,,,,,,"light brown, with dark spots on the jaws, chin, and sides",,,,,,,,,,,,,,,,,,,,,,,,,,,,,,,,,,,,,,,,,,,,,,,,,,,,,,,,,,,,slightly upturned,,,,,,,,,,,"dark brown, with some light yellow on the outer border of the limbs and dorsal surface of the tail",,,,,,,,,bent downward,,slightly concave,,"thicker at the base, vent beyond the carapacial margin",,,,,,,,,,,"single, low",,,,,,,,,,"brown, with a series of stripes on raised scales",,,,,,,,,,,,,,,,,,,,,,,,,,,,,abd > fem >< pect > an > gul> hum,,,,"flat, slightly upturned anteriorly, wide posterior notch",,,,,,,,,,,,,,,,,,,,,,,,,,,,,,,,,,,,,,,,,,,,small,,,,,,,,,,,,,,,,,,,,,,,,,,,,,,,slightly projecting,,,,,,,,,,,,,,,,,,,,,,,,,,,,,,,,,,,"narrow, lacks a ridge",,,,,,,neither hooked nor notched,,,,,,,,,,,,,,,,,,,,,,,,,,,,,,,,,,,,,,,,broadest of all,,,,,,,,,,,,,,,,,,,,,
Batagur dhongoka,,,,,,,,,,,,,,,,,,,,,,,,,,,,,,,,,,,,,,,,,,,,,,,,,,,occurs on each scute in juveniles,,,,,,olive brown,,,,,,,,,48 cm,,,,,,,,,elliptical,,,,behind the middle,,,,,,,,,,,,,,,,,,,,,,,,,,,,,,,,,,,,,,,,,,,,,,,,,,,,,,,,,,,,,,,,,,,,,,,,,,,,,,,,,,,,,,moderate,,,,,,,,,,,,,,,,,,transverse,,,,,,,,,,,,,,,,larger than axillary,,,,,,,,,,,,,,,,,,,,,,,,,,,,,"indistinct, dark",,,,,,,,,,,,,,,,,,,,,,,,,,,,,,,,,present,,,dark-brown or black,,,,,,,,,,,,,,,,,,,,,,,,,,,,,,,,,,,,abd > fem > pect > hum > an >< gul,,,,,yellow,shorter than broad bridge,,,,,,,,,,,,,,shorter than broad bridge,,,"long, narrow",,,,,,,,,,,,,,,,,,,,,,,,,,,,present,,smooth,,,,,,,,,,,,,,,,,,,,,,,,,,,,"projecting, pointed",,,,,,,,,,,,,,,,,,,,,,,,,,,,,,,,,,,,,,,,,,,,,,,,,,,,,,broader than long,,,,,,broader than long,,,,,longer than broad,,,broader than long,,,,,,,,,,,,,,,,,,,,,,,,,,,,,,,,,
Cuora flavomarginata,,,,,,,,,,,,,,,,,,,,,,,,,,,,,,,,,,,,,,,,,,,,,,,,,,,,,,,,smooth,"dark brown with a bright-yellow vertebral stripe, a reddish-brown blotch on each pleural and vertebral, and a yellow or reddish-brown blotch along the outer border of each marginal",,,,,,,,,to 17 cm,,,,,,,,,domed,,,,,,,,,,,,,,,,,pink or yellow,,,,,,,,,,,,,,,,,,,,,,,,,,,,,,,,,,,,,,,,large,,,,,,,,,,,,,well-marked,,,,,,,,,,,,,,gray to light greenish dorsally with a broad a yellow stripe running backward from the orbit to the neck,,,,,,,,,,,yellow,,,,,,,,,,,,,,,,,,,,,,,,,,,,,,,,,,,,,,,,,,,,,,,,,,,,,"disrupted, low",,,,,,,,grayish brown on the outside with yellow sockets,,,,,,,,,,,,,,,,,,,,,,yellow,,,,,,,,,,,,,,,,,,,,,,,,,,,,,,,,,,,,,,,,,,,,,,,abd> an > pect > gul > hum > fem,,,,,,,,,,,"dark-brown to black with a narrow yellow band along the outer border of the humerals, pectorals, abdominals, and femorals",,,,,,,,,,,,,,,,,,,,,,,,,,,,,"wide, not notched posteriorly, and capable of entirely closing over the hind limbs and tail",,,,,,,,,,,,,,,,,,,,,,,,,,often reduced or absent in older individuals,,,,,,,,,,,,,,,,,,,,,,,,,,,,,,,,,,,,,short,,,,,,,,,,,,,,,,,,,yellow,,,,,,,,,,,,,,,,,,,,,,,,,,,,,,prominent,,,narrower than its adjacent pleural scute,,,,,,,,,,,,,,,,,,,,,,,,,,,
Heosemys grandis,,,,,,,,,,,,,,,,,,,,,,,,,,,,,,,,,,,,present,,,,,,,,,,longer than the plastral hind lobe,,,,,,,,,,,,,,,,,,,,43.5 cm,,,,,,,,,"broad, oval, high arched but depressed dorsally, serrated posteriorly",,,,,,,,,,,,,,,,,,,,,,brown to grayish brown or black,,,,,,,,,,,,,,,,,,,,,,,,,,,,,,,,,,,broad,,,,,,,,,,,,,prominent in younger individuals,,,,,,,,,,,,,,grayish green to brown,,,,,"broad, snout only slightly projecting",,divided into irregularly shaped scales,,,,,,,,,,,,,,,,,,,,,,,,,,,,,,,,,,present,,,,,,cream to horn colored,,,,,,dark lines radiating outward from a large dark central blotch,,,,,,,,,,,,,,,,,may appear between the scutes,,,,,,,,,,,,,,,,,,,,,,,,,,,,,,,,"well-defined, blunt",,,,,,"numerous yellow, orange, or pink",,,,,,,,,,,,,,,,,,,,,,,,,,,,may occur along the keel,,,,,abd > fem > pect > an >< hum >< gul,,,,,,,,,,,,,,,,,,,,,,,notched posteriorly,large,,,yellow,,,,,,,,,,,,,,,,,,,,,,,,,,,,,,,,,,,,,,,,,,,,,,,,,,,,,,,,,,,,,,,,,,,,,,,,,,,,,,,,,,,webbed,,,,,,,,,,,contains a shallow medial a notch flanked by pair of toothlike cusps,,,,,,,,,,,,,,,,,,,,,,,,,,,,,,,,,,,,,,,,broader than long,,,,,,,,,,,,,,,,,,,,,
Batagur trivittata,,,,,,,,,,,,,,,,,,,,,,,,,,,,,,,,,,,,,,,,,,,,,,,,,,,,,,,,,,,,,,,,,,58 cm,,,,,,,,,elliptical,,,,,,,,,,,,,,,,,,,,,,,,,,,,,,,,,,,,,,,,,,,,,,,,,uniformly brown,,,,,,,,,,,,,,,,,,,,,,,,,,,,,,,,,,,,,,,,,moderate,broken into scales,,,,,,,,,,,,,,,,,joins the plastral midseam at an obtuse angle,,,,,,,,,,,,,,,,larger than the axillary,,,,,,,,slightly serrated,,,,,,,,,,,,,,,,,,,,,,,,,,,,,,,,,,,,,brown to olive with three distinct black stripes,,,,,,,,,,,,,,,,,present,,,,,,,,,,,,,,,,,,,,,,,,,,,,,,,,,,,,,,,abd > fem > < pect > an > gul,,,,,yellow to orange,,,,,,,,,,,long and narrow,,,,,,,anterior and posterior lobes shorter than the broad bridge,,,,,,,,,present,,,,,,,,,,,"smooth in adults, somewhat serrated in juveniles",,,,,,,,,present,,,,,,,,,,,,,,,,,present,,,,,,,,,,,,slightly projecting,,,,,,,,,,,,,,,,,,,,,,,,,,,,,,,,,,,,,,,,,,,,,medially notched,,,,,,,,as broad as or slightly broader than long,,,,,,,,,,,,longer than broad,,,distinctly broader than long,,,,,,,,,,,,,,,,,,,,,,,,,,,,,,,,,
Geoemyda spengleri,,,,,,,,,,,,,,,,,,,,,,,,,,,,,,,,,,,,,,,,,,,,totally dark brown or black,,"about as long as the posterior plastral lobe, and may contain axillary and inguinal scutes",,,,,,weak and barely extend beyond the peripheral bones,,,,,,,,,,,,,,to 13 cm,,,,,,,,,"elongated, slightly wider behind the middle, rather flat topped, and very strongly serrated",,,,,,"yellowish brown or grayish brown to dark brown; usually some dark pigment extends along the keels, especially the medial",,roughened due to growth annuli,,,,,,,,,,,,,,,,,,,,,,,,,,,,,,,,,,,,,,,,,,,,,,,,,,,,,,,,,,,,,,,,,,,,,,,,,,,,,,,,,flat,not enlarged,,,,,,,,,,,,,,,,,,,,,,,,,,,,,,,,,,,,,,,,,,,,,,,,,,,,,,,"three well-developed keels; the medial keel is best developed, but the two lateral keels are also prominent",,,,,,,,,,,,,,,,,,,,,,,,,,,,,,,,,,,"each marginal has an acute, single-pointed corner, with the points of marginals 1-3 and 8-12 flared outward",,,,,,,,,,,,,,,,,,,,,,,,,,,,,,,,,,,,,,,,,,,,,extremely variable: abd >< pect >< fem > hum > an > gul,,,,,,,,,,,dark brown or black with a yellow lateral border,,,,"lacking a hinge, and the scutes are rugose with growth annuli",,,,,,,,"elongated, and deeply notched posteriorly",,,,,,,,,,,,,,,,,,,,,,,,,,,,,,,,,,,,,,,,,,,,,,,,,,,,,,,,,,does not project,,,,,,,,,,,,,,,,,,,,,,,,,,,,,,,,,,,,,,,,,,,,,,,,,,,,,,,,,,,,,,,,,,,,,,,,,,,,,,,,"broader than long, and the underlying neural are hexagonal with the shortest side posterior",,,,,,,,,,,,,,,,,,,,,
Pangshura sylhetensis,,,,,,,,,,,,,,,,,,,,,elongated into a point,,,,,,,,,,,,,,,large,,,,,,,,,,,,,,,,,,,,,"olive brown, paler along the vertebral keel",,,,,,,,,20 cm,,,,,,,,,"oval, arched, strongly serrated posteriorly",,,,,,,,,,,,,,,,,,,,,,,,,,,,,,,,,,,,,,,,,,,,,,,,,,,,,,,,,,,,,,,,,,,,,,,,,,,,,,,,,,,,brown with a transverse yellow stripe on the back of the head and a yellow stripe along the lower jaw,,,,,,moderate,weakly subdivided into scales,,,,,,,,,,,,,,,,,joins the plastral midseam at an obtuse angle,,,,,,,,,,,,,,,,,large,,,,,,,,,,,,,,,,,,,,,,,,,,,,,,,,,,,,,,,,,,,,,,,,,,,,,,26,,,,,,,"present on vertebrals 3-5, with a backward-pointing projection on the 3d",,,,,,,,,,,brown with pale yellow to cream stripes,,,,,,,,,,,,,,,,,,,,,,,,species,,,,abd >< fem > pect> hum > an > gul,,,,,"yellow, with large dark brown or black spot on each scute, to totally brown",,,,,,,,,,,,posteriorly,,,,,,"elongated, oval",,,,,,,,,,,,,,,,,,,,,,,,,,,,,,,,,,,,,,,,,,,,,,,,,,,,,,,,,,projecting,,,,,,,,,,,,,,,subdivided to form an extra pair,,,,,,,,,,,,,,,,,,,,,,,,,,,,,,hooked,,,,,broader than long,,,,,,,,,,,much longer than broad,,,,,,,,,,,,,,,,,,,,,,,,,,,,,,,,,,,,,,,,
Orlitia borneensis,,,,,"""mushroom"" shaped with the stalk pointing backward",,,,,,,,,,present,,,,,,,,,,,,,,,,,,attached to the 1st ribs,,,,,,,,,,,,,much longer than the posterior plastral lobe,axillary and inguinal scutes,,,,,,strongly developed,,,,"uniformly dark gray, brown, or black",,,,,relatively high peaked in the young at the area of the seam separating the 2d and 3d vertebrals,,,,to 80 cm,,,,,,,,,"narrow, oval",,,,,,,,,somewhat rugose,,,,,,,,,,,,,,,,,,,,,,,,,,,,,,,,,,,,,,,,,,,,,,,,,,,,,,,,,,,,,,,,,,,,,,,,,,,,,,,,,,,,,,,,,,,,,,,,,,,,,,,,,,,,,,,,,,,,,,,,,,,,,,,,,,,,,,,,,,,,,,,may be keeled,,,,,,,,,,,,,,,,,,,,,,,,,,,,,,,,,,,,,,,,,,,,,,,,,"elongated, hexagonal, and short sided anteriorly",,,,,,,,,,,,,,,,,,,,,,,,abd > pect > fem > gul> hum >< an,,,,,,,,,,,,,,,,long and narrow,,,,,,,,,sutured to the carapace,,,,considerably smaller than the first three,,,,,,,,,,,,,,,,"strongly serrated in juveniles, but less so in adults, and are smaller than the lateral or anterior marginals",,,,,,,,,,,,,,,,,,,,,,,,,,,,,,,,,,,,,,,,,,,,,,,,,,,,,,,,,,,,,,,,,,,,,,,,,,,,,,,,,,,,,,,,,,,,,,,,,,,,,,,,,,,low medial keel,,,,,,narrow when compared to the adjacent pleural scutes,,,,,,,,,,,,,,,,,,,,,,,,
Melanochelys tricarinata,,,,,,,,,,,,,,,,,,,,,,,,,,,,,,,,,,,,,,,,,,,,yellowish to orange,,,,,,,,,,,,,"reddish brown (described as plum colored by smith, 1931) to black",,,,,,,,,to 16.3 cm,,,,,,,,,"elongated, rather high domed",,,,,,,,,,,,,,,,,,,,"long, except for outermost",,,,,,,,,,,,,,,,,,,,,,,,,,,,,,,,,,,,,,,"large, square or pointed",half-webbed,,,,,,,,,,,,,,,,,,,,,,,,reddish brown to black,,,,,,,,"red, sometimes yellow or orange",present,,,,,,,,longer than the bridge,,,,,enlarged,"barely, if at all, webbed",,,,,,,,,,,,,,,,,,,,,,,,,,,,,,,,yellow to brown,,,,,low,,,,,,,,,,,,reddish brown to black,,,,,,,,,,,,,,,,,,slightly concave,,longer and thicker,,,,,,,,,,,,,,,,,,,,,,,,,,,,,,,,,,three,,,,,,,,,,,,,,,abd > pect > an > gul> fem >< hum,,,,,,,,,,,yellowish to orange,,,,,long,,,,,,,notched posteriorly,,,,,,,,,,,,,,,,,,,,,,,,,,,,,,,,,,,,,,,,,,,,,,,,,,,,,,,,,,,,,,,,,,,,,,,,,,,,,,reddish brown to black,,,,,,,,,,,,,,,,,,,,,,,,,,,beyond the carapace,,,,,,,,,,,,,,,,,,,,,,,,,,,,,,,,,,,,,,,,,,,,,,,,,,,,,,
Vijayachelys silvatica,,,,,,,,,,,,,,,,,,,,,,,,,,,,,,,,,,,,very small,,,,,,,,,,fairly long,,,,,,,,,,,uniformly bronze or orangish brown to black,,,,,,,,,to 13 cm,,,,,,,,,"oval, moderately domed",,,,,,,,,,,,,,,,,,,,,,,,,,,,,,,,,brown to black,,,,,,,,,,,,,red or pink,,,,,,,,,,,,,,,,,,,,,,,,,,,,,,,,,,,,,,yellow,,,,,,moderate,,,,,,,,,,,,,,,,,,,,,,,,,,,,,,,,,,,very small; may be absent,,,,reddish,,,,,,,,,,,,,,,,three low keels,,,,,extend along the upper parts of the first three pleurals,,,,,,pale brown,,,,,,,,,,,,,,,,,,,,,,,,,,,,,,extends along all five vertebrals,,,,,,,,,,,,,,,,,,,,,,,,,,,,,,,,,,,,,,,abd>< pect > hum >< fem > an > gul,,,,,,,,,,,uniformly yellow to orange with a black blotch on both the pectoral and abdominal scutes at the bridge,,,,,,,,,,,,,,,relatively wide,,,,,,,,,,,,,,,,,,,,,,present,,,,,,,slightly serrated,,,,,,,,,,,,,,,,,,,,,,,,,,,red,,,,,,,,,,,,,,,,,,,,,longer in males,,,,,,,,,,,,,,,,,,strong medial hook,,,,,,,,,,,,,,,,,,,,,,,,,,,,,,,,,,,,,,,,broader than long,,,,,,,,,,,,,,,,,,,,,
Malayemys subtrijuga,,,,,,,,,,,,,,,,,,,,,,,,,,,,,attached to the lateroventral surface of the 1st costal,,,,,,,,,,,,yellow or cream-colored,,,,,,,,,,,strong,,,moderately arched,,"light to darker brown, sometimes mahogany",,,,,,,three discontinuous keels,,21 cm,,,,,,,,unserrated,oval,,,,,,,,,,,,,,,,,,,,,,,,,,,,,,,,,,,,,,anterior to the humeropectoral seam,,,,,,,,,,,,,,,,,,,,,,,,,,,,,,,,,,,,,,,,,,,,,,,,,,,,,,,,,,,,,,,,,,,,,,,,,,,,,,,,,,about a third of the way up along the suture between the 5th and 6th costals,,,,,,,,,,,,,,,,,,,,,,posterior border of the scutes,,,,darker than the rest of the carapace,,,rarely reaches the 4th pleural,,,,,,,,,,,,,,,,,,,,,,,,,,,,,,,,,,,,,,extends along all five vertebrals,,,,,,,,,,,,,,,,,not elongated,those in the middle of the series are shortest posteriorly,,,,,,,,,,,,,,,,,,,,abd > fem > pect >< an > hum >< gul,,,,,,,,,,,,,,,,,,notched posteriorly,,,,,narrower than the carapace,,,,,,,,,,,,,,,,,,,,,,,,,,,,,,,,,,,,,,,,,,,,,,,,,,,,,,,,,,,,,,,,,,,,,,,,,,,,,,,,,,,,,,,,,,,,,,,,,,,,,,,,,,,,,,,,,,,,,,,,,,,,,covers parts of four neurals,,,,,,,,,,,,broader than long,,,,,,,,,,,,,,,,,,,,,,
Sacalia quadriocellata,,,,,,,,,,,,,,,,,,,,,,,,,,,,,,,,,,,,,,,,,,,,,,,,,,,,,,,,,,,,,,,,,,,,,,,,,,,,,,,,,,,,,,,,,,,,,,,,,,,,,,,,,,,,,,,,,,,,,,,,,,,,,,,,,,,,,,,,,,,,,,posterior dorsal surface of the head,,,,,,,,,,,,,,,,,,,,,,,,,,,,,,,,,,,,,,,,,,,,,,,,,,,,,,,,,,,,,,,,,,,,,,,,,,,,,,,,,,,,,,,,,,,,,,,,,,,,,,,,,,,,,,,,,,,,,,,,,,,,,,,,,,,,,,,,,,,,,,,,,,,,,,,,,,,,,,,,,,,,,,,,,,,,,,,,,,,,,,,,,,,,,,,,,,,,,,,,,,,,,,,,,,,,,,,,,,,,,,,,,,,,,,,,,,,,,,,,,,,,,,,,,,,,,,,,,,,,,,,,,,,,,,,,,,,,,,,,,,,,,,,,,,,,,,,,,,,,,,,,,,,,,,,,,,,,,,,,,,,,,,,,,,,,,,,,,,,,
